1|Too many girls that party..|455
1|â€œ@166786: @rayventayler hey you still gorgeous but don't party too hard tho lolâ€ thanks trevion &amp; I'll try not to!!|284
1|09- I met you at a party ğŸ˜‚|181
1|If I hear M A A D city at a party its going down ğŸ’ƒğŸ’ƒğŸ’ƒğŸ†—âœŠ|656
1|"""@therealjslush: It's a party in my jeans"""|1019
1|I honestly dont want anyone for a WHILEEEE ! i just want to party ğŸ‘Œ|363
1|Party time!! @ Mad T Party http://t.co/muWhjgAeL9|32530
1|That's the kinda party that makes you throw your hands up high ğŸ™Œ|472
1|@DonnyShreds whaaaat ! You gotta find someone with it and go to their crib ! It was GOAT , they threw a party|446
1|Like other people that talk about God and church but party and say bad words and don't practice what they preach. I really hate those people|209
1|Oakdale girls and Muna Azam this yo chance to redeem your selves if u want a party.|927
1|Capital beauty shop tomorrow, getting hairdressing stuff.. Got party friday gunno look ğŸ˜|2813
1|#215 lets party|220
1|live for today plan for tomorrow party tonight|430
1|Casually having a grind/party with kayla|471
1|"HEYYY PARTY PEOPLE!

Will you please lift up a prayer for my bro, John, &amp; his fellow brother Deacons as they are on retreat til Wed? Thx!!"|222
1|Love, money, party.|144
1|Now hosting baby anna's christening party ğŸ˜Š|754
1|@porkchoplouis @stychotics CAN I JOIN THE PARTY? IM NOT GONNA BE IN TOWN.|762
1|TeamKO party and that Telly dude ğŸ˜ˆ|906
1|Party Like a Rockstar - Shop Boyz @OrdinaryK_|451
1|Past wkend w/@ultranatemusic @DEEPSUGAR @ParadoxBMD. What a partyâ€¦pic was taken at 5am, haha. http://t.co/taNJQkocP4|262
1|My girls and I in our 80's gear, Revival Skate Party in Redding! #Fearless and #Free in YAH! #bethelâ€¦ http://t.co/tcqW1kFrVk|507
1|Leave it to the Cardinals to be the party poopers.|1143
1|@AdoreDelano you rocked the lipsync tonight on @RuPaulsDragRace ! #Party ğŸ’‹|142
1|I hope these last minute changes for  Bryan's birthday party goes as planned!! HATE we waited till the last minute for everything|329
1|I'm thinking about this foam party like I don't have a meet Friday. lol|321
1|@Claudiagrande_ I'm late but I saw you at her daughters party around October|532
1|@Jay_Nikes23 I was honestly thinkin about tht then having a after party|357
1|Somali girls gonna be in that party. http://t.co/QhfgLfOigo|927
1|CD release party!  Chris Bates Good Vibes Trio.  Phil Hey and Dave Hagedorn. Amazed. @ Icehouse MPLS http://t.co/xjIxAH6XfR|172
1|You can crash my party anytime.ğŸ‰|363
1|SoMo's version of body party is prolly the greatest thing ever....|767
1|Been thinking a lot and decided, i'm not going to prom,and i dont think im going to have a grad party,and im not going to college this fall|100
1|@s_willy555 @cindyybrown I love to tailgate. Forget the concert the real party is in the parking lot.|448
1|â€œ@gho8t: ğŸ˜ â€œ@GangsterFeels: How to throw a party 101: http://t.co/UwasuPqWTpâ€â€@jsanchez2k12|1391
1|Party on fifth ave?|429
1|Ustazah x de. Lets party lol|183
1|@nyaaa_joe You should come to the cub party at my place this weekend! ^^|820
1|@arucaaa 3 hairs, 3 makeups, 3 after party dresses. Just a friendly reminder ğŸ˜Š|122
1|Planning 2014's biggest party|149
1|I think soon I'm gonna start staying up until around 12 AM on Mondays and then throwing a party because Monday is over.|394
1|"â€œ@Diddibear: I'd rather take this over a party ğŸ‘Œ http://t.co/cH0kwjz9Cq""â€"|855
1|The hookah...what a great place to have you're bday party|378
1|Now I can continue the party because adam rose did just retweet me.|295
1|@lawblack_ I'm drinking all the red juice, and double dipping... Party ruined.|1180
1|Must buck some a these girls in a party|255
1|"""@BestVlNES: At the party like... https://t.co/oY4dRpr8XW"" that laugh ğŸ˜‚"|301
1|throwback to the car ride on the way to the upward bound party. @Saget_Inc http://t.co/MJpudgM75u|736
1|"""@Diddibear: I'd rather take this over a party ğŸ‘Œ http://t.co/labIcihrkD"""" yes. @evelynnax33"|317
1|@ryanmalaty I'm throwing a lunar eclipse party, you in? So far it's just me and my imaginary friends|113
1|14 you're pretty cool and it's too bad we didn't know each other at my brod party ğŸ˜‚|1104
1|I don't wanna girl, I wanna party|256
1|Maybe shouldn't have gone to that house party! Hic! #whoRU? Aw just deal with the hot guy consequences tomoz lol x|63
1|â€œ@KiddSimba013: Kickback / party next to UCR! Who's down?â€ where it's at?|234
1|This part right here, right now, right here, this party my shit. http://t.co/AJ6h9dTuJy|532
1|Bday celebrations #Pinata #cake #drinks #party #friends #cantwait http://t.co/B8yJF12Y22|101
1|My mother tried to pull a @YourFaveGingerr 's mom. Trying to invite people I don't know and kicking out people I do know. It's my grad party|221
1|@barondebbi @RosieRoseLA Yay, party down!! XOX|1645
1|Google image results are like a party that starts off exactly how you expected and gets weirder the longer you stay.|368
1|Idk how decent niggas be dating girls that go to party's every weekend|420
1|She can crash my party whenever she wants. ğŸ‘Œ|471
1|@xSadafyy that better be on Friday or Sunday, cause you going to the party Saturday foo!|232
1|@JoelMurray9of9 Now that's a party!|739
1|party people just keep on r0ckin'|88
1|@SweetheartJaeex DUDE I had your number I think you saved it at my party ğŸ˜‚ğŸ˜‚ğŸ˜‚ğŸ˜‚ http://t.co/oKV7ak7GMR|1861
1|@leah_martin1 @RODNEYBRANT @mark_cresswell yeah I think it's time for a good ole backwoods party down yonderğŸ˜|293
1|I know I'm late to the party... But #BreakingBad gets me every time! It's so intense.. #Netflix #FTW|52
1|â€œ@DaaRealCal: The only notifications I get anymore are from grad party invites ğŸ˜’â€ ğŸ†’|497
1|"""We were sitting around at the injectables party when suddenly we realized MaKaylyn was missing."""|282
1|Every day is a no pants party just waiting to happen.|190
1|@ImThinkinDOLLAS lmaooooo omg was it a house party and I was dating a Thot?|1321
1|Yeah, you can find us where the party's at! ğŸ˜|17
1|A Little Party Never Killed Nobody ğŸ˜ #Gatsby|270
1|Summer = drinks, party's, raves , sleep , workout, and more fucked up nights to remember .|552
1|"*Planning my birthday party*
*Realizes I have one friend* 

Oh."|192
1|Took a peanut home from a partyğŸ˜ğŸ˜‚ http://t.co/hzWapSzJrq|1741
1|ğŸ˜›â˜€ï¸- you are cute ğŸ˜ and we gotta party again aha ğŸ˜ but we don't talk like that|2011
1|Leaders of The Party of Hypocrisy/Deceit wearg out our patience w/their cheap-shot bogus claims.Insult us w/their absurd claims of racism.|1387
1|@ItsDanielCS pool party slut.|1859
1|Where's the party at guys?|292
1|Just woke up x Best party ever!|1315
1|Considering being chingo bling 4 missys party|550
1|@nikkiehussle that Friday hitting up the standard in LA with some boys &amp; Saturday my dudes ladies is throwing us a party .|643
1|@757Dion @troyalexp @AlecVetro he's a ğŸ told Jenna there was no party cuz he didn't want us there. Definition of a ğŸ I don't fuck w/ him|302
1|"@bryaus_anthony the only ""party"" I've ever been to was your birthday party like sophomore year when me and justin  just started dating ğŸ˜‚"|225
1|@chloekangg @JESS_is__m0re party in room 785 lolz|4608
1|@Lovely_Jomiz dude all da party's are in sj|179
1|Time to party|434
1|"""@Diddibear: I'd rather take this over a party ğŸ‘Œ http://t.co/FjMk2Fh3oa"""""|200
1|House party with @SearchTheCity and @CTPtheband anyone!?|22140
1|Going away party may 21st bonfire &amp; tents @DilllPickleee @TayyyylorG @alexorlando14 @JStranman @holly_elayna @ks54121820 I can't tag every1|152
1|Party &amp; Bullshit.|229
1|Little party never killed nobody.. A retail therapy party that is. ğŸ˜ğŸ˜|539
1|@kaiTlynclin9er ITS GONNA BE A PARTY ğŸ‰|286
1|@MDLR_210 is like my guide to the party life thank you based Ana ğŸ˜ğŸ˜»ğŸ™|897
1|@MissNickyWest Tamra would be invited to our college party. Heather, not so much.|57
1|when the party gets canceled but bÃ¦ comes through anyways http://t.co/bvCsxKWldb|448
1|â€œ@Janaya_Zianne: like if I have a party or something bring me money ğŸ˜©â€ guys|277
1|"""@mpw_: @jsyengineer Assume?  questioning you implying there were you fucking imbecile. http://t.co/oL9w38KLKp""ğŸ˜‚kunting political party s"|10
1|I was just informed that someone stole my icecream i was eating at the party and i never even noticedğŸ˜“|186
1|If you haven't yet, make sure to follow @SavageSanMarcos &amp; DJ @madhatter_musix who will be DJ'n our first pool party!|995
1|All I wanna do is have a party for two|299
1|This has been a late night work fueled pity-party. Sorry folks, I'll get over it once I see tonight's lunar eclipse|30
1|Zac Efron's having a party tonight why wasn't I invited|434
1|@BringTheCountry Take Flightâ„¢ Party 2014: Los Angeles, CA, US http://t.co/9KJ7htc8gf|1060
1|Once i get home it's me &amp; my girls time, no party ğŸ™…|313
1|THIS PARTY IS CRAZY|551
1|Party at the cNc Goat House Friday night. Females invited. NO SQUAD.|357
1|"â€œ@WorldStarFunny: Her face wen he touched her butt though ğŸ˜‚ğŸ˜‚ https://t.co/RKeTGwS7Hbâ€

Me when someone touches my butt at a partyğŸ˜‚ğŸ˜‚ğŸ˜‚"|1354
1|RT @jlynnschweitzer: NO SERIOUSLY PLEASE COME TO THE TOP OF BURRY STADIUM AT MIDNIGHT 30, IT'LL BE A PARTY!|527
1|I can't wait for Brooke's birthday party this weekendğŸ‰ğŸ˜‹ğŸ‘¯ @BrookeColquette|303
1|Titty, ass, hands in the air, it's a party over here|32
1|Party ğŸ”âœŒ @ AlÃªh House http://t.co/QilcQLF68S|350
1|family party this week again ğŸ˜‚ğŸ‘Œ|335
1|CAST PARTY!!!!!|114
1|#NP The Party-Weeknd|87
1|"â€œ@Killa_Casss: ğŸŒ´ Hey Hoe! I say you just throw a gradation party and invite Yeezus. So we could like All Hail Yeezy ğŸ˜‚â€

She gets it. ğŸ˜"|265
1|Hernia's party.|505
1|@BritishGal28 start planning my Bach party since u love it soğŸ’ğŸ˜ğŸ¹|141
1|@QandA  Sloane criticises common sense observations from Penny Wong as Typical party bickering then immediately attacks Labor. #WakeUpOz|1565
1|@NotoriousE_i_C girl nobody was talking about you but omg we are going to party everyday|76
1|â€œ@eonline: Ariana Grande Loves the Gays, Will Perform at Palm Springs' Annual White Party http://t.co/lSPlzwkMz1â€ We â¤her 2 @ArianaGrande|831
1|Hello LA West Yelp Elite Event: Pajama Party at Jinky's Cafe! â˜•ï¸ğŸ³ @ Jinky's Cafe http://t.co/170BQImLtJ|267
1|"""@tkdmike: @rcooley123 @JustCallMeBill5 http://t.co/S2Oop0S9uk"" The @GOP should be so proud. A party in disarray. See ya"|13193
1|It's a trip to think I'll have great great grandchildren I'll never know. The party continues. #wastoid|72
1|One little kiss never killed nobody. One little drink never wrecked no party. ğŸ’‹ğŸ’‹|118
1|If you don't want yo girl to get pregnant than don't listen to The Party/The After Party by the Weeknd cause that bitch will if you do ğŸ˜‚ğŸ˜‚|299
1|@lortb5172 @leahs823 lol an unproductive study party in the HUB|332
1|â€œ@_KayxJay: When a lame tries to dance with u at a partyğŸ˜‚ http://t.co/UzQwp1bdufâ€ğŸ˜‚ @chitown_16|227
1|This girl is funneling beer out of a party hat ğŸ‰ #NorwayGoesHard|417
1|Just changed my pic for the first time in 600 Mars days. It was a great landing party, but it's time for a change @NasaCuriosity #msichicago|94
1|I seriously wanna go to a Greek themed party!!|186
1|@manniedee Haha they didn't LET me party but yeah ... I can't promise but there's a good chance|137
1|Every night is my birthday. They don't know so it's okay. Tell 'em that it's my birthday when I party like that.ğŸ’‹|103
1|"""@JailynnGBE: @brieegotsoul wait isn't it Tyler's party ?"" Ion know tyler so its jj party in my eyes ğŸ˜©ğŸ˜‚ but either way I will be thereee"|27
1|So far confirmed for the block party we got me @ShaceHoldu @ERockMUT @Scomo843 @Ropie30  need some more Playstation people|1906
1|â€œ@BrandonAZP: My pool party the next weekend after Father's Dayâ€ yo grown ass|1763
1|"Count my money? .. Party with bitches?.. 

Hunneds and fiddies?.. Big ass titties?.. 

Count the green?... Get in between.. """|1443
1|IRVINGTON NIGGAS BE IN THE PARTY WITH THEY SCHOOL UNIFORM ON|11016
1|Thai dinner belated bday partyğŸ‘­ @ Thai Palace http://t.co/WHqXx765p7|166
1|Have to find the perfect dress for my brothers 21st birthday party !|265
1|Party pies and mini sausage rolls for lunch #whattalife #classy #nutrition|38
1|When we leave this party, you gone' love me tonight|519
1|â€œ@VirginAssNigga: WARNING: DO NOT GO TO A PARTY IF YOU CANNOT HANDLE THE BOOTY http://t.co/g1uZL43xI9â€ RT|307
1|Passover Seder at the Orgels obviously turned into a Grizz watch party lol|552
1|150// we hanged out a couple of times at party's but ur really nice &amp; pretty &amp; we should talk more :)|344
1|@dee_lore u dnt even party|318
1|I'm gonna remind y'all how to party.|303
1|If you ain't doing nothing, there's a party over heeeeere, if the party ain't there, then the party's over heeeeere.|83
1|Pengkoi party last night #latepost#happylau2 @ kesia home http://t.co/PrDcaMxiYc|218
1|If this gets 10,000 retweets @Passdadooby will throw a project x party THIS SUMMER called PROJECTDOOBIE. ğŸ‰ PLEASE RETWEET!|190
1|@tinabrady@Jenny_Terrell #twitterchat#NashvilleWives @FreemanFoals@dmoore4683yahoo@McClainDavis@denise_cannon1 let's get this party goin|158
1|Missed my moms birthday party ğŸ˜”ğŸ’”|308
1|she's a sunset stripper, a Hollywood freak she ain't coming to your party unless she walks in for freeâœ¨ğŸ¶ğŸ’‹|372
1|"âœ¨It'S a PaRtY aLL-nIgHtEr KiNdA nIgHtâœ¨

#jk just trying to prepare for my first night shift tomorrow.... #WHOSTAYNUP #weoutchea #knuck"|558
1|I bet citronella throwing a party in delight right now lol|919
1|"""you must be the party you wish to see in the world"""|237
1|@ObeyMeImJesus  you going to that party Friday?|325
1|Roll up to the party first person we see is mugsy ğŸ˜‚ğŸ˜‚ğŸ˜‚ğŸ˜‚ğŸ˜‚ğŸ‘|284
1|Life is one big party when you're still young|499
1|Missed my kitten! Can't wait to party hard with her this summer! #ifitevergetshere #summerwhereyouat|114
1|Or just chill &amp; still party lol ğŸ‘ğŸ‘ŒğŸ‘ğŸ™Œ|299
1|âš ï¸ğŸš¨RT IF YOURE COMIN TO ME N @D_Morris_  BIRTHDAY PARTY ON THE 26th!!!!ğŸš¨âš ï¸ RT RT RT|5457
1|Calling all @starbucksprtnrs! @Nova5Houston needs #volunteers for a community block party! May 4, 12-6pm. Don't let the #gmos end in April!|116
1|Chabot Space and Science Center, Oakland is having a viewing party, who is going? http://t.co/ZCKC5KcEED|493
1|â€œ@DeVandreNorth: â€œ@Deuce_Hefner: I bet citronella throwing a party in delight right now lolâ€---I'm headed to it now,â€be safe LB ğŸ˜‚|919
1|Reminiscing the time I went to my cousins party with rose and we ended up getting second hand high off the fumes lmfaoooo|296
1|@lazydadon @ontherox @_Unrulygirls @Trillionevables Birthday party pt 2 ..SECRET DREAMS ah be mad|454
1|@ddlovato sounded great tonight... Tune into tomorrow night at 7pm as @jasonderulo takes the stage for his album release party #TalkDirty|626
1|"So Schmidt from ""new girl"" is talking about getting a party bus for his 29th birthday! Guys I'm not old! Party bus 2015! Ha"|339
1|Tomorrow @nstukez and i are havin a bike race in walmart and throwing a surprise party for a stranger ğŸ˜ğŸ˜‚ğŸ‘Š|357
1|I wonder how Joel's house party went|810
1|Blood moon party tonight #LunarEclipse|48
1|@AllisonBush2 this means I cannot invite one of y'all to my graduation party, I HAVE to invite both of y'all. (which isn't a bad thing)ğŸ˜˜ğŸ˜ğŸ˜ğŸ˜|398
1|When we leave this party you gon love me tonight|457
1|RT â€œ@therealstylesp: To all my younings on Molly and 3rd party drugs !! Please eat a fruit or vegetable here or there!!â€|551
1|Yeaaah It's party in USA|653
1|Well it's time for a panty party ğŸ˜|276
1|ğŸ˜˜ğŸ‘…ğŸ˜‰ğŸ˜- we got married at the party ahağŸ˜œ but you cool as shit and we gotta party again aha ğŸ˜Œ|2010
1|Nails, toes, eyebrows, and after party outfit complete. Now Thursday hurry!|2025
1|love money party. http://t.co/DbQXy2eU9s|491
1|@MrJohnGault I like your Profile Pic,I believe Reagan to be the Last Powerful, Loved President! like JFK, I have No Party Politically|173
1|party with the babesğŸ’•|294
1|"â€œ@c_Breedlove: Me and Malik really game planning this party so hard right now lolâ€

ğŸ‘€ GM ğŸ‘€"|1418
1|@bitchsosusbye @FroGavin Christian and Gavin wanna party lmao|196
1|Was at the #NeoGalHE party last Sunday! =) @ Signature http://t.co/u5eTVAIIsr|468
1|cant wait to party w all u mcc kids next year when im working full time|302
1|I needa throw a house party|176
1|@funkmasterp1 the fact remains that an entire party prefers to not bother the courts with petty pay claims instead of voting for equality .|243
1|we threw a party yeah we threw a party bitches came overrrr we threw a paaaarty.|1670
1|@AliceRadley @NinjaTylerBlack after party all the time clean up, now there ya go...i told God dont put me in paperwork in Heaven plez...|244
1|@somthinserious3 so that proves I'm not against Obama because of his party affiliation just his provisions|1075
1|It's Me &amp; Guwop All These Bitches Wanna Eat Us It's A UN$ Gang Party .|503
1|@AreYouTheGuy is your party in waverly?|999
1|@JacobSmith757 @RHollarn sweet. Pool party ğŸ‰|244
1|Bruh i see girls everywhere titty ass hands in the air and its a party over hereee|1261
1|â€œ@lilMike_Dwade3: @TaraBabehx3 I'm readyy to turn up on this party busğŸ˜ˆâ€ ayyyyyyy|638
1|â€œ@davis_danziger5: @shaunybaby17 can I come to ur bday partyâ€ wouldn't be a party without Davey|305
1|Party with the babe and @BDetterman @Bpalmz|102
1|@loveamberlynnnn tf I know you're DEF invited to the party ğŸ˜ğŸ‘|457
1|@ladydavis1207 it would be cute ! But is it ok if a couple of my friends come with me to the party ?|1568
1|Ain't no party like a mandingo party! lmfaoooo|401
1|@ImCapAngels I know that fool! I just wanna party after the show too. That's why I'm asking.. Are these new songs?|462
1|Selfie party tonight ğŸ’|1085
1|@vanessapared you are always so cute and you were a blast at that zombie party 20 years ago lol|311
1|My birthday party:)|224
1|@NateReynoldsTIM @TIMPorn looks like my kind of party|2085
1|I was this bitches coming out party|398
1|Homework party ğŸ“ http://t.co/cTaxXFZhUz|194
1|@JL__iAM nigga I've drove 4 hrs to Kentucky for a party|5458
1|@electrasoph lol oh aw lil baby do you love near countryside?? If so I can get u n we can party @ mall|90
1|Hotel party next Saturday and the Saturday after that ! ğŸ˜ğŸ˜ğŸ˜turnUpğŸ‰ğŸŠ|273
1|yes mam it is â€œ@georgiacleasby: @AreYouTheGuy is your party in waverly?â€|5458
1|We welcome all parties, so call us to book your next Birthday, Bachelor or Bachelorette partyâ€¦ http://t.co/YV5fWhcNjH|14370
1|@madikate101 We'd either get kicked out or we'd be going to an after party haha|226
1|On Saturday I went to a party.yeahhh I met a new guy @yung_sams his name is Sebastian and he is really HOT and nice|137
1|Damn I wish I was cool enough to party in the varsity courtyard in the pitch black late hours of the night????|869
1|"If you RSVP ""yes"" to my grad party on Facebook you better be friggin coming. Don't get my hopes up &amp; then shoot me down, c'mon now"|489
1|Party time,#GameOfFingering #ThisCouldBeUsButYouPlayin http://t.co/rDEOjEk9JG|12
1|From party music to drill music Chicago has been running it|288
1|Who's trying to have a slumber party since my dorm is 85 degrees|1027
1|Is there really a BTW after party prom night?|460
1|"Bae.....? â¤ï¸ğŸ˜ğŸ˜ ""@Diddibear: I'd rather take this over a party ğŸ‘Œ http://t.co/3wePWpYcdO""â€"|451
1|or ya know this could be our prom party bus. ğŸ˜ http://t.co/6IOfMsx65S|622
1|i find it kinda fun watching people party themselves into flunking out of college.|929
1|Closing one successful party, and just booked my next jewelry bar! I dig it! #origamiowl|25
1|Hospitality Day , Final Project Carving ( Robot Candy Buffet ) : Colourful Birthday Party @ PTPL College http://t.co/OrXThkcse3|1222
1|College the longest, most expensive party I've ever been too.|448
1|Releasing the Bloomsburg block party Video tomorrow!! Me and the squad #TurnUpKingz|1010
1|@robandahalf come throw a pity party wif me boi|631
1|@mormantohandle I hear you're having a party on Friday .... ğŸ˜Œ|112
1|This party will definitely be bigger than HalloweenX|5459
1|"the guys who got suspended today are throwing a party called ""we failed in our drink mission and gonna fail this year"""|1197
1|Btw, my birthday party will be a graduation/birthday party a week after graduation. Just if y'all were wondering. â˜ºï¸ğŸ˜‰ğŸ’ğŸ“ğŸ‰ğŸˆ|399
1|.having a graduation party that week after I graduate !|1240
1|zoey gonna have nice partyğŸ‰ğŸ2âƒ£ğŸ‘§ğŸ‘‘ğŸ€ i cant wait to see the look in her faceğŸ˜ğŸ˜ƒğŸ˜ğŸ™ˆ|1289
1|ğŸ™ˆğŸ˜‹ğŸ’ Best Friend!!! You're honestly the best &amp; i cannot wait until until we can party together this summer|77
1|@laulenalove @Ashleyyyperez_ @MattRolingRTM MAC AND CHEESE PARTY! Can I bring my cat?|189
1|White trash party|435
1|@itskirstieann cant forget to bring juicy. The life of the party.|219
1|College the longest, most unreal / fun / expensive party I've ever been too and I'm totally going to miss it!|448
1|@kcrrrisostomo @andreweff @vivifarfar damn it's a party|117
1|Marvin Gaye, some Luther Vandross, a little Anita, will definitely set this party off right (@ Ray Rays Bed) http://t.co/AqONDGJPKy|1383
1|@kayekayejo @katienfisher you guys wanna have a slumber party and watch this ish?|549
1|Luh Ashely keep texting me b/c she's a party|334
1|We like to party in the front row at mileyyy  @Courtneykiwicz http://t.co/CTZncnrrdx|54
1|Algo diferente ğŸ»ğŸ’“ #party #partying #photooftheday #picoftheday #instamoments #instaparty #instafunâ€¦ http://t.co/eZv4TmqdaU|792
1|Gotta grind these next two days and then I can throw this 4 day party ive been planning! Enough liquor weed coke and x to make a rhino TRIP|164
1|Ok all I got out of that cast party last night was confirmation that I can't take pictures. @ Tony' House http://t.co/ev4uk5Onzz|239
1|The birthday party scene in old school is easily one of my favorite movie scenes ever|702
1|There's gonna be a party when the wolf comes home|234
1|â€œ@asshleywager: normal party in bathroom http://t.co/rBVUHMkJ3sâ€SWAGER|454
1|If I didn't get caught up probs would have a party.|645
1|@Tommy_Beer Case race b4 the party on Saturday ?|563
1|Still supper upset that my party isn't going on anymoreğŸ˜”|451
1|"@corixoelizabeth ""I'm sorry, I didn't mean to ruin your black Pantha party..."""|234
1|@iBe_AyooTy so the party is ON ? ğŸ™ŠğŸ˜|1044
1|Thinkin bout throwin this party Thursday.|1488
1|â€œ@itsrealchris: I'd take this over a party any night ğŸ‘ŒğŸ’ http://t.co/GGIAvJRSWeâ€ can I have this|1154
1|Puking party! #derbylaps #mondays|47
1|@MikeACollier sorry I had a fight in the middle of your Panther party.|197
1|"""Sorry I had a fight in the middle of your black panther party"""|304
1|I got 10 freaky girls poppin pills gone narley, and they like to twerk, they the life of the party|334
1|â€œ@eberlank: FU - i love partying with you you're funny afâ€ that's weird bc I don't party.....|797
1|Party at my house tonight?.. Fuck I actually wanted to sleep.|1979
1|Been writing about the dangers of frats for 5 hours and I could use a frat party right about now|487
1|"""@DreamHouseX: I'll take this over a party any day ğŸ‘Œ -&gt; http://t.co/kMKlh7z3qi"""|238
1|"""Sorry I had a fight in the middle of your Black Panther party."" #ForrestGump"|211
1|@_ZaahirGrant_ @Tommy_Beer  can  come to the party|1257
1|"""Sorry I had a fight in the middle of your black panther party"" ğŸ˜‚ #ForrestGump"|138
1|I'm sorry I had a fight in the middle of your Black Panther party|490
1|Cool I dont wanna get personally invited to Bonks party bus|253
1|"Get your shine on
You an me be rockin' all night long
Summer sky drippin' rhinestones
Turn your party lights on
Baby get your shine on..."|323
1|I'm scared to have a grad party because I don't even know if people like me enough to go lol woops|274
1|@CaitlynGoins but that's a party every night? I don't think that is safe.ğŸ˜¨|1106
1|Jacuzzi and night swimming party at my house on Thursday ğŸ˜‰ğŸ»|583
1|@kvandenoever YONG PARK IS HAVING A PARTY !?|335
1|Electric pow wow/Party in the USA/Water tower gets the boys going.|147
1|One day life is going to hit u hard those brothers who are lost on the world of party's beer alcohol ... Enjoy|86
1|Bila farewell party @amenusha ?? â™¥â™¥â™¥|301
1|I met you at a party and you asked my drunk best friend for my number. Uh, that ain't how you get a girlfriend|319
1|Trying to make my party to where everyone I like/love is able to go. ğŸ‰â˜ºï¸|399
1|Having a great time at the viewing party @ hard rock cafe nashville #NashvilleWives|11
1|Finally filled the party bus|183
1|â€œ@_KayxJay: When a lame tries to dance with u at a partyğŸ˜‚ http://t.co/crXhLPCfA5â€ğŸ˜‚ğŸ˜‚ğŸ˜‚ğŸ˜‚ğŸ˜´ğŸ˜´|485
1|Glad to run into dlee042 last weekend at the #entouragemovie wrap party. Been a quick minute. #stl @ 1OAK http://t.co/2poMf8XlN5|917
1|â€œ@sammie_keys: @hensonlydia I MISS YOU SO MUCH MORE! I can't wait until Friday. ğŸ’•ğŸ’•ğŸ˜˜â€ğŸ’ğŸ’¯ğŸ˜ party of our lives ğŸ™Œ|415
1|@TedStryker @kroq you know how to Party Stryker! Happy Birthday to your Pops|254
1|#ridegenie private soft launch party. Awwwe yeah get ready #vegastech - this is going to blow your mind. So amped for this product here|435
1|Peaches going bAck party bus Friday|544
1|@AbbytheAsian12 just join my party once I'm on|124
1|â€œ@itsrealchris: I'd take this over a party any night ğŸ‘ŒğŸ’ http://t.co/krVc4W0JIOâ€please|1340
1|@RigoJRamirez_ we will party|758
1|Baylors party last Thursday made it on TFM ğŸ˜‚ğŸ˜‚ğŸ˜|281
1|Dance party going downnnnnnn in the fox hole ğŸº|212
1|Says the clubbing queen â€œ@Reginaazx: am not gonna party if my voice is not ok by fridayğŸ˜ ğŸ˜¡â€|146
1|Who will be #toking it up with me at @GrassrootsCali 's first ever, @Dabroots?!?! #lazertag #livemusic #party http://t.co/T8lH5y0wMp|381
1|The party was on point tonight starting out my spring break|31
1|My birthday is in like two weeks. Acid party who the fuck iz down|1183
1|Makes me so mad nobody likes to party to sublime....it's my shit|323
1|and this is why we should reconsider gun lawsâ€œ5-year-old boy accidentally kills 7-year-old girl at birthday party http://t.co/EBXPDzq5jfâ€|121
1|@DJTheriot yeee roll threw im havin a eclipse party|308
1|@djroc81 where is there to party on Tuesday? Like hip hop shit?|115
1|my aunt always holds it down for me in miami she basically just encouraged me to party #loveher â¤ï¸|194
1|"YOUR ARE INVITED TO THE PARTY! 

Ğ²Ï…y Ñ‚Ğ½Î¹Ñ• Ñ•napĞ²acÄ¸ on Ñ‚Ğ½edjiÑ‚eÑ•.coĞ¼
aÑ‚ $20 and geÑ‚ a Ò“ree Ñ‚Î¹cÄ¸eÑ‚ Ò“orâ€¦ http://t.co/AB50saJFyt"|1015
1|We welcome all parties, so call us to book your next Birthday, Bachelor or Bachelorette partyâ€¦ http://t.co/wDll3IEYBJ|14370
1|When we leave this party you going love me tonight o na na|318
1|â€œ@itsrealchris: I'd take this over a party any night ğŸ‘ŒğŸ’ http://t.co/naNksQ1PLqâ€|781
1|During a primary, I admit, it's hard to stay neutral, but it's necessary. For the sack of the party as a whole.|429
1|Joined the party ayyy http://t.co/zaBzzKSBIP|388
1|@AdoreDelano I love you! PARTY!|4
1|yeah life's one big party when you're still young, but whose gonna have your back when it's all done?|1349
1|Beach bonfire or hotel party?|327
1|Hey guys, Im sharing my b-day party with the basketball commit Joe Fucking Byers! Who do you share yours with? @byers_joe Congrats buddy.|460
1|My lil cousin party on my grandmother birthdayğŸ˜¨ what's going onğŸ˜“|2557
1|I mean kickback no party.|1488
1|@IAmBigMikee haha naw just talked about your party and kinda lectured about not partying if you're an athlete lol.|489
1|You know it's a party when DMX is playing #RuffRiders|50
1|@dabmandan were having an acid party for our birthday mmmmkay|1183
1|@Terell803 thanks theo!! ğŸ˜Š are you going to the pool party on Wednesday?|269
1|I remember at that party when I was talking to Caelin, he said he was to go to follow me and never did. Welp.|779
1|@K_Lea_Times3 we need to go a party together soon and show everyone upğŸ’|617
1|â€œ@EricArnoldTN: @PS_DPayne getting his party on http://t.co/Y7XhQl3yMlâ€ #q2connect14|143
1|@van_le27 @LaSotaPop once someone else finds a party spot we can|512
1|Stoner dudes screwed up my pizza order. I now have 3 very large specialty pizzas at my house. Party!|4
1|"Bruh, I see, girls everywhere
Titty, ass, hands in the air, it's a party over here"|480
1|Dancing my little heart out at the #sunrisenation party!! @Monkyseemnkydo @Nisy26|1331
1|Concerts over!! Time to party in Times Square! #nosleep|337
1|My dad said he's taking me spi for semana Santa maybe he'll party with me uuuyyy|425
1|I wanna go to another party|1599
1|There's a party in my pants and NOBODY IS ALLOWED, STAY OUT!!!|4732
1|@BraulioGee @stupidLouieee @AngelLRG @Alex_graneezy he'll yeah well I'll Katch yeahll at a party or some|2378
1|On Wednesday we'll a tweet to each other so we can all party together. Lol|655
1|@AXSTVConcerts #axstribute  I can't be there but say hello to my wife Dawn. She is there to party for me.|16
1|My little babies class can kiss my ass talking bout a Easter party . Birch it's lightning|173
1|Roof party for the lunar eclipse come ovaa.|138
1|@linnyitssn @sjnw88 The same tea party wants to cut food stamps.  To them feeding cows is more role for gov than feeding people.|35
1|Hey, ya know, there should be an open party real soon.|659
1|Lunar eclipse party at my house everyone slideee|365
1|"I'm at Long Table 4-year anniversary party | Sharp Future http://t.co/njuwtukg3d"|82
1|wait till my friends find out I'm late to the party because I stopped at KFC|300
1|@alex_parsley @Youngfratjesus party my house on the 3rd. I'm turning 17.|185
1|@AFerenc94 I'll bring Mario Party|543
1|"@marissataylorTX She said ""Who's that girl from the party Saturday? Mhmm ğŸ˜‘"""|364
1|mansion promotion party this summer with tyler|857
1|@cspinelli28 Omgg hahah I was looking through old pics and found a bunch from my like sophomore year christmas party and was cracking upğŸ˜‚|167
1|I dont wanna hurt nobody, just wanna party ğŸ’ƒ|740
1|It turned into a party when I started talking to you|266
1|@liiindsaaayy @kayy_beer party at my house friday!|466
1|This. RT @jehb: In case you're curious, Red Hat can throw a pretty awesome party. #RHSummit http://t.co/vuJDADuBve|48409
1|Loving the ad 'No Ulloo Banaawing!' V apt for the election season! Wonder which party will love/hate this line the most post 16 May!|4096
1|The party me and @nowayjose__ planned today in class today ğŸ» it's a must everyone has to come #pvilleturntup|530
1|my little just asked me to date party. I'm honored to have the hottest date there. ğŸ˜‰ğŸ’‹ğŸ˜â¤ï¸@Iamericaaaa|239
1|Time to work on the party playlist for the 26th any suggestions|5459
1|@Lerthyr ok I'm a xbone party virgin do patience|53
1|#bloodmoonparty on the mall at 2:45. And by party, I mean stumble outside, look up, go back to bed.|101
1|Full moon party ğŸ’ƒ @jamisloth @ Full Moon Party http://t.co/IQ96xBqEM7|517
1|"""@Only_Lawrence: How u gonna tell ya mom some nigga stuck you n took ya shoes at a party hahaha"""|195
1|party on level 4 dead. http://t.co/BSPazkOD3I|1204
1|Much excit for @beautaayful party|531
1|Do the 2014 GOP tea party republicans know about this? Are they suffering from amnesia? http://t.co/jJHQsu477w|1089
1|Blood moon party!|143
1|@Kimbeerrsss well I feel like if you have a party your newfound friends are going to expect drugs and alchohol|166
1|Happy birthday to one of my best friends @gnarlypayne!! Let's party ğŸ˜ğŸ‰ğŸˆğŸ’— @ Saddle Ranch Chop House http://t.co/HYbiC4dCbQ|55494
1|Now the party don't start till I walk in.. â˜ï¸ğŸ˜ (@ CancÃºn w/ 4 others) http://t.co/1N7Su58Vtj|344
1|Party pooper|282
1|The new location for the 17.05.14 Party will be released soon. Keep out an eye out for!!!|1246
1|@ohitsmollyyy if i ever see u at a party I'll give u an Arizona too lol cuz i feel ur pain|226
1|â€œ@SeanDobrick: Party at 120 Aldrich be thereâ€ @ZvckD|383
1|Book me now. #djlife #misic #party #club http://t.co/8bviNVjp5p|330
1|â€œ@Tiaira__: @tylerjanaee_ chunk ğŸ˜‚ ready for me next one but I'm scared that mf gone turn to a party ğŸ˜‚â€ ima be sleep the WHOLE TIME idk sht ğŸ˜‚|907
1|"Every time Steven sees me he says ' fuck your party bus ' 

Bc he thought he wasn't invited HAHAHHAHAH"|520
1|If you ain't getting turnt u can't come to my party|328
1|Live for today plan for tomorrow party tonight|383
1|â€œ@JohnHefley: Quote with the last picture you took!â€ my party hair comb ğŸ˜¹ğŸ˜¹ğŸ˜¹ @YaWitchDallAss http://t.co/W4rrPZGWPV|504
1|Instantly party pooping|282
1|@EjPerfectAngle unless u was gin fly over here and miss your party. Lol|402
1|Trying to become more involved on campus? Consider becoming a party of Children Intl at UH!! Great ways to help kids more info- @CIatUH &amp; fb|262
1|"""@JrTorres0510: Thinking about getting a hot tub. ğŸ™Œ"" well let's party homesss"|992
1|Road trippin party of 1 feat. let me take a selfie ğŸ’‹ http://t.co/CBzVG3cSeE|30
1|Live For Today Plan For Tomorrow Party Tonight.|541
1|It's a party in the U.S.A. ğŸ¶ (@ Orlando International Airport (MCO) - @mco w/ 32 others) http://t.co/goU9Py53cr|378
1|Tbt to when Virginia asked WCS to dance at a party and he said or nah|751
1|Btw any details on the party hit me or @JVOUKNO @D_Morris_ @ItsDmo @JoeeHumphrey or @QPThaTruth|5458
1|If i like you you're invited to my after grad party june 14th if you drink there is guaranteed breakfast from sheila.|317
1|we gonna party like its 3012 tonight|668
1|"Our darling lil buttercup turns ""2"" in 18 days-looks like we're having a @DoraTheExplorer party! #Boots #Swipert ğŸ’œğŸ’–ğŸ’œğŸ’– http://t.co/o3MZg3dv7Q"|379
1|"""@Joel_Cedric: Navajos Only party at my house tonight!""
Lol shut up joel"|157
1|@saytally_ they got a party back here son that bih gon be on http://t.co/cP4ckhjNbK|1119
1|That party was lame af|74
1|Ivan Argueta has left the party.|178
1|@Hannahshorbb we need to have a party!|335
1|Bday Weekend Over Thanks To My Crew For the surprise Party All those Who Showed they faces &amp; Those who wished me a HBD Its All Apreciated ğŸ’¯|646
1|"RT @NYCCLUBKING
#HIGHLINEBALLROOM NYC
PARTY FRIDAY &amp; SATURDAY FREE !!

SAY #NICKGQ GUESTLIST opens 11pm

http://t.co/hVAiMXgEkm #GirlsLikeUs"|1435
1|red bull party was fun last night! http://t.co/sscsUeJHCB|551
1|Party Up by DMX is the perfect work out jam|248
1|What am I tired from ? WORK! Lol I actually stand on me feet all day an serve people ! Not get paid to party|309
1|guess who's going to the party ? ğŸ˜† @Shawnuuh|525
1|@alwayssunny marathon night on netflix #Party #Jabroni @GlennHowerton @kaitlin_olson @RMcElhenney|36
1|â€œ@saulisbombbb: @noebajo5to let's get wastedâ€let's go party in la on the weekend ğŸ˜|464
1|I'm sorry I ruined your New Year's Eve party Lt Dan... she tasted like cigarettes #ForrestGump|144
1|House Party 2 &gt; ğŸ™Œ|1631
1|I'm sorry I ruined your New Year's Eve party, LT. Dan. She tasted like cigarettes. #ForrestGump|352
1|ğŸ‘½- we don't talk much, but you seem really chill! We're gonna turn up on the party bus this SaturdayğŸ˜|247
1|â€œ@LifeWithAlcohol: When someone texts you about an alcohol free party http://t.co/40i4ZfAyVfâ€ @Pens_Bucs_Lers|367
1|Bruh, I see girls everywhere, Titties, ass, hands in the air, it's a party over here, shake it for the man of the yearğŸµ|69
1|Going to be the wildest party grimes county has ever seen|531
1|Ok I'm late to the party. downloading monsters rn|173
1|#us #sanantonio #tx #cosmicworld #cosmicrun #run #party #2014 PART1 @ CosmicWorld: Cosmic Run http://t.co/luHCfRGiml|382
1|Ok! Let's get this party started!! @ Bigmama's Atelier http://t.co/1M88uX0WFv|170
1|"I say we have an ""I'm done with taxes"" party. Who's in?! ğŸ˜ğŸ‰ğŸ’¸ğŸ“„ #taxes #April15th"|155
1|â€œ@Wildboytezak: I fuck w. sicko mobb always get the party cracking everytimeâ€|1766
1|We guna party all night,no sleep @TNS_ZjChrome|712
1|â€œ@LifeWithAlcohol: Walking into the party like http://t.co/bcr4wUtzAiâ€ @Pens_Bucs_Lers|367
1|putting let it go on my party playlist is risky bc drunk me singing let it go|602
1|Any party which takes credit for the rain must not be surprised if its opponents blame it for the drought. ~Dwight Morrow|9087
1|Frozen party at @ReyesIrv house #BringYourOwnCuddleBuddy|339
1|Yeah baby #fullmoon #party #bucketlist ticked #2014 #girls #holiday @ Full Moon Party - Koh Phangan http://t.co/qUNTfaVp2T|175
1|"""We had to come through Florida to get here... And some other shitty states. Let's have a party tonight"" - @BewareoDarkness #AwesomeShow"|88
1|Party in our room ğŸ˜‚ #butnotreally ğŸ’ http://t.co/svO0Na6sCE|404
1|@SadeLaSoul it must be a niiiiiiiiiiice party|360
1|ghetto block party = #MTVMovieAwards|267
1|Ima get a reverse mullet. Party in the front, business in the back.|185
1|"When I Said ""Mention Bdonnas &amp; Party Chasers &amp; Bring the Whole City Out"" I wasn't just Quoting Jeezy!â€¦ http://t.co/9iYiLQ8rzi"|1406
1|CARMEN ELECTRA HAD A ALBUM SIGNING PARTY AT THE HOUSE THAT WERE RENTING IN HAWAII LIKE 1 MONTH AGO THIS IS CRAZY OMG|91
1|More pics of you partying than there are of your kid. Sad girl. Sad. Probs time to let the party life go.|214
1|Who's tryna hop on this party bus and get wild|601
1|@xoxo_maria24 haha duh ğŸ‘ğŸ‘ that after party sounds pretty sick ğŸ˜‚ğŸ†|288
1|@Lerthyr send me party invite not sure how on this system|53
1|Who do I even invite to my grad party??|162
1|Fun times @ #fullmoonparty #kohphangan #love this #girl #holiday #igers #instadaily @ Full Moon Partyâ€¦ http://t.co/tJy4xtdaKX|175
1|Wooo! Party time this weekend ,|33
1|Set your alarms for 3:45 people that's when the party starts ğŸ‰ğŸ‰|389
1|Who's tryna hop on this party bus for prom and get wild?|601
1|â€œ@SpeakComedy: pool party at my house, bring ur own poolâ€|320
1|This shit on the 26th gonna be live! The hype won't even live up to the actuality of the party!|5459
1|Aye so y'all should buy your coachella tickets in June and we'll have one huge party|309
1|"@xxdga @NathanStozek lololol ""I AINT TRYIN TO THROW A PARTY"" bitch is lucky I love him after that â˜ºï¸"|249
1|Just listened to a rock version of body party at the gym..ğŸ˜‚|409
1|In love w mr after party outfit. ğŸ˜ğŸ˜|2025
1|"why is this ""magcon follow party"" all over my tl can you stop or #whatevenismagcon"|407
1|@AGMengage Peel's biggest art party in May unveils it's catalogue. Click for artist bios &amp; auction artworks @ http://t.co/12FdbFsz2I|59
1|I'll vote for the party that promises to legalise weed within a 100 days. No, seriously!!!-.-|208
1|Who wants to be my cuddle buddy for this frozen party? Lmao|339
1|@7_kono You're invited to my grad party|342
1|Bday party.... hbd mynephew *deaLova sadria* (with Raymond, Aybie, and Family at Perum. Manado City View Maumbi) â€” https://t.co/PnLwZ7Wj9B|432
1|Party, sleep, repeat!|320
1|Starting to plan for my 21st bday party , got 500 set away for liquor and such . Suggestions anyone ?|651
1|Well at least this year I won't be a fifth wheel in the party bus to prom ğŸ˜‚ğŸ˜‚ #shoutouttomysinglefriends|345
1|@Johnnyboy_002 actually yours bri told me party at your house|218
1|Ain't no party like a midwest party!!|200
1|ğŸ´ ~ okie so I promised you a sign &amp; you'll get it! Yer cool af but I haven't seen you since like that party in 6th ğŸ˜‚|482
1|@Sarah_Wascisin I will be at your grad party then lol|369
1|"@K_guice @CASHermans 
Kanyen, freaking text me so I can tell you the dumbest shit cody did at the after prom party omg lmao"|571
1|if you want a lot of people dancing at your party.. invite every white person you know. ğŸ˜‚ğŸ˜‚ğŸ˜‚ğŸ˜‚ğŸ˜‚ğŸ˜‚ğŸ˜‚ğŸ˜‚ğŸ˜­|570
1|how everyones going to a party tonight and i just wanna stay home lay in bed on my phone ğŸ˜‚ğŸ˜‚ğŸ‘Œ|167
1|"""@AyyeDomo: If I ask you to dance at a party bitch better get up and dance"" RFT"|521
1|"I realize I am a day late, but Neve Campbell!! Amazing. Thank you,  #MadMen, for featuring my fave ""Party of Five"" and ""The Craft"" actress."|557
1|Damn this party me and my bro @AndreMoore42 throwing better be straight jumpin mannnn I'm dropping like 200+ on this shit lol|470
1|The true PARTY AMINALS! #drinkdrankdrunk @ Gettin Weird http://t.co/NMckv07soC|340
1|@lucasebel4 @kelsmjenkins you guys put on quite the tease. Where was my party invite...?|290
1|go hard this weekend for no damn reason #abalada #party #friends @ Barzinho http://t.co/MKW6Y95yeS|841
1|â€œ@BestVlNES: At the party like... https://t.co/QPUzlh1eY6â€ not sure whats better the fall or the guys laugh|1024
1|â€œ@StyleList: Kate Bosworth goes glam at the @AlexanderWang X @HM #Coachella Party: http://t.co/l79yGgMqMm http://t.co/5eWm70qy6râ€|142
1|People below us are having a party. On a Monday night..... #seriously #gotobed|129
1|"â€œ@_HV220: EXO at EXO Greeting Party in Japan ""Hello!"".  More photos: http://t.co/iaE0xiCeR1 http://t.co/Vi2pbYK2wgâ€"|57
1|who says geeks can't throw a real party #RHSummit @RedHatSummit http://t.co/yJpz6gIlvn|157
1|Might phase this party Friday|360
1|My grad party http://t.co/h56Ks3kFZx|339
1|The only thing about how I metabolize alcohol is that I'm sober as a judge now. It's a great party trick.|302
1|I just want a girl who loves to party and fuck that is not a hoe. Is that too much to ask for?|292
1|Crashed a Hawaiian themed Thai party! @ Jinda Thai Cuisine http://t.co/Bm30N2DEB4|6981
1|#DWTS party at @PlanetDailiesLA @MixologyABC right now. #paparazzi #dancingwiththestars #DancingwiththestarsDisneynight âœŒï¸â¤ï¸ğŸ¥|540
1|Thirty minutes in the party fucking nigger had to fight. Tonight was wack|238
1|We didn't even get to throw him a bachelors party ğŸ˜”|222
1|Party of the year #theclimax April 26 come out n turn UP!!!!!!! http://t.co/FXewwjdUjC|371
1|@AndrewDamien ikr??? let me have a room warming party real quick|164
1|Those Russian party's in the garage tho ğŸ˜ğŸ™ŒğŸ˜¹ğŸ˜¹ @Maas_Esther|35
1|Blood moon party|546
1|â€œ@FactsAboutBoys: i would take this over a party any day ğŸ‘ğŸ™‹ğŸ’ http://t.co/dNlgVxyLmEâ€ I'm so confused where is the lower half of his body|137
1|@eehliii is it more a of getaway to relax resort or a party resort ??|637
1|"""So are you just gonna party your senior year?"" 

""I'm not much of a party goer. I like to read books."""|482
1|@_ColeBennett_ was it more of a party resort or when to just relax at ?|637
1|Home girl in the party Friday night had THEE fattast ass.|1195
1|#currently searching for good music for my graduation party.|53
1|@csallx got my party invite on facebook?|624
1|Party in the amapala island Honduras ca|34
1|@ediisaaa was it more of a party resort or one to just relax at ?|637
1|"The word ""party"" has a negative connotation to it. I prefer calling them ""social gatherings""."|214
1|@_ColeBennett_ was it more of a party resort or one to just relax at ?|637
1|@andrianicgietl welcome to the party ğŸ˜‚ğŸ˜‚ğŸ˜‚ğŸ˜‚ #loser|1008
1|Ready to party!|304
1|At 11:54 party rock lol http://t.co/PoXiXCVeAo|8
1|Next doors late night party is my excuse for this morning off fk goin work with 2 hrs kip|379
1|True rtâ€œ@DenzDatNigga: When I'm turnt up in da party https://t.co/eTfj0AL4b6â€|738
1|Tryna have a slumber party|335
1|Doesn't matter how long you've known a person if you've had a no pants party with them they're a keeper ğŸ˜‚ğŸ’¯|363
1|Party|252
1|â€œ@Kutcher54321: @JuanKeepItTruue @oliviarenae23 she feenin for a partyâ€ I don't party. ğŸ˜|506
1|"we already talked about this...nomore ğŸ˜’""@yungkdizzle: Someone have a party lol"""|158
1|@asliyoyo Party with the Bhootnath!! Awesome song and liked the golden skeleton effect in the last!! All the credits for this song goes 2 u!|54
1|"""@SA_edm_fam: Is anyone going to the Mad Decent Block Party in New Braunfels? :D""FVCK YES!!!"|387
1|it's always chillen when your parents say yes to a party after you've been grounded for a month ğŸ™Œ|81
1|Apartment to myself, party!|425
1|Our era just wants to live, travel, feel and party. What's life if you spend it working to save money to do all of those? Do it now.|116
1|@RobynSelby1 and I are hosting a blood moon lunar eclipse party at 1, it's BYOBlanket text for deets ğŸŒ•ğŸŒ‘ğŸŒ•|586
1|Rich George is throwing an exclusive lunar eclipse party bonfire style|297
1|WHEN YOU HAVE A RIDE TO A PARTY AND THEY TELL YOU ALL LATE THEY CAN PICK YOU UP AND YOU AREN'T EVEN READY WTFFFF ğŸ˜©ğŸ˜©ğŸ˜©ğŸ˜©|171
1|Yr8s started fundraising for their end of year party w/ an Easter egg raffle. Ferdi won 3rd prize. He is a very happy lad.|239
1|@RA_Gonzalezg. #Party http://t.co/ByCaCbmVTK|208
1|if a kid wore a suit to my party I'd crack him straight in the nose bruh|604
1|@therealleeah_ party Friday and Saturday ğŸ‘ğŸ‘¯|807
1|"""Sneak preview from 4/12"" teewhyyyyyy Birthday party! @iambishopa #FunnersğŸ˜œ @ BUKA 2 http://t.co/lx2zSOacud"|999
1|Can't wait for my birthday party at @courtsidehollis 's house #20yearsyoung|250
1|Late night Easter party with @JeremyMichael22 ğŸ˜ğŸ˜Š|116397
1|8 More Days Till Jaydence Birthday I Hope His Party At Hollywood Park Lbvs ğŸ˜©ğŸ˜ˆğŸ‘ğŸ‘ğŸ’¯|911
1|â€œ@b691994: @tonybloodlust go cut your hair whoreâ€no slut, you're gonna help me do a pompadour for a fucking 50s party|192
1|Your body is my party.|438
1|Going to bae house after the party Friday ğŸ˜ğŸ’•|807
1|Happy birthday @Julia_Zmuda just wait until next year the party you will have here!|596
1|@_VintageGrime if it's a party it's ovaaaa for datttttğŸ˜´ğŸ˜‚ you got my one party with me lmfao|1974
1|@PUSHA_T @DBAHollywood tonight for anyone who has energy left from weekend one of #coachella party people!! http://t.co/ZEI27fJowG|1458
1|Invited to an after exam party on the 13th but mine dont finish till the 15th... do I don't I??!!!?!?!?!?!??!|356
1|We like to party ğŸ˜‹ http://t.co/IL28erb3pu|0
1|â€œ@active_andrew: Someone really needs to have a masquerade partyâ€ RFT|320
1|Wonder why a leader, whose party is projected to win only 1 seat all over India is getting maximum media coverage?? #AskKejriwal #TVattack|350
1|S/O CrewLove Ciroc Boys!! Happy Birthday!!! iamnickstorm Jiggy Bird....New York City!!! Partyâ€¦ http://t.co/7dUZ7g3ZG2|1360
1|Pull party.|1493
1|Great party at the @TELUS Customers First gala!  Congrats to our amazing front line always going above and beyond #TELUScelebrates|1251
1|So who's throwing a party on Thursday night? #turnup|268
1|What a great wee weekend â¤ï¸ wedding, after party and a catch up with @CarolineDolan93 ğŸ‘¯ğŸ’ƒ|223
1|I know I am extremely late to this party but holy shit was Gravity intense.|163
1|Im ready for this party lmao .|503
1|#Brentsprocrastinationproblems @BrentRivera  I feel like we should party together http://t.co/doh8Zsc9PK|372
1|Having the annual last minute #tax party with the hubby. #procrastination|259
1|â€œ@JabariTheGreat: @ho0dcunt @shizukesa_ @CarrIndustries @ChelseyTaughtYu Yup party's over. Im outâ€ğŸ˜‚ğŸ˜‚ğŸ˜‚ğŸ˜‚ğŸ˜‚ğŸ˜­ğŸ˜©ğŸ˜©ğŸ˜©ğŸ˜‚ğŸ˜­ğŸ’€ğŸ’€ğŸ’€ that nigga gay af !!!|1513
1|â€œ@prxnce: â€œ@SelenaSDDeanna_: Pull party.â€ No body be pullingâ€just a lot of choosin|1493
1|"HM03 Surf, a strong electric-type pokemon and Exp.Share : let's get this motherf$&amp;#ing party started !!!
#LetsGoToTheBeach"|251
1|My bachelorette party will be exactly like Magic Mike|952
1|"Away from Full moon party but still hear the dance music from HaadRin nai. 
Feed some food to this dogâ€¦ http://t.co/EnnDQCO15C"|430
1|Fuck prom! Party is still gonna go down ğŸ˜ hmu ğŸ˜|1245
1|â€œ@chelssssss_: All that matters is my birthday &amp; party is this weekend! Time to have fun with my bestiesğŸ˜œğŸ˜œğŸ˜‹â€ I'll bring the alcohol ğŸ¹|800
1|@alharr34 @tharealJCrow well Gaylord's... I was referring to the fact that they're both really stupid party animal football players|403
1|@HardY_MarT_FF I'm looking now it's actually pretty reasonable , that might be the move , then an after party somewhere ğŸ˜|651
1|@GQTheHeatmaker got my party invite?|624
1|Dylan's birthday party: the second chapter.|311
1|Y'all girls better not be actin scary when these twerkin n grindin songs come on at the party the 26th!! #WavoParty|5460
1|"""@HuffingtonPost: Authorities: 5-yr-old boy accidentally shoots, kills 7-yr-old girl at birthday party http://t.co/kcJv5KcB2g"" Yo, fuck guns"|222
1|@RBPaterson I think we should have a party. I particularly liked how red his eyes went.|431
1|throw me a surprise birthday party|287
1|@SayangTia @ELMASHUNO tasty party  yum :-)|121
1|Cant even go to a party down here it be more drama than a black bitch doin hair in a salon|151
1|Man Crush Monday: my Coachella Boyfriend ğŸ’#wefoundloveinahopelessplace @ Silent Party! http://t.co/PYSUSRZhGR|58
1|All that grace, all that body. All that face, makes me wanna party. ğŸ¶|802
1|@ColtPaulsen @BrekkanBall eeeeeeep let's have a dance party ğŸ˜ŠğŸ˜â˜ºï¸|397
1|I wanna throw a going away party before I move ğŸˆğŸˆ hmmm|37
1|Party time with the elder generation http://t.co/dI1yhs4Mwq|1370
1|Party Saturday w/ Jalyn ğŸ˜âœŠğŸ˜|607
1|But is too late! #nastymondays #party #barcelona #wecomewedancewerock #thehives @ Nasty Mondays http://t.co/J8BFELXu1J|2182
1|@XboxSupport please fix your party system. It is far more difficult to play with friends than it was on 360|0
1|â€œ@MeredithWestin: @janashortal @frecklednfab I want in on this.â€ Obvi. Bring a pillow. It's a slumber party with gal gab and vino giggles.|6109
1|COACHELLA DAY 3 SUM UP-Getting to attend the awesome #lacoste Day Party (alligators in all forms,â€¦ http://t.co/aC8Pw7h2VG|594
1|can't party your whole life, you have to grow up eventually so you should probably get your shit together|492
1|@k_rbstomp no pants party round 2|149
1|@_iamporscha of courseeee, it's not a party unless luhpoesha invited!|699
1|Lol screw u guys no party for you hehe|929
1|@kier_kee happy birthdayyyyy. Party hard|787
1|Need a ride to party|352
1|Time for a Midnite Moonshine â¤ï¸U ladies Enjoy the Partyâœ¨ğŸ‘ #NashvilleWives|315
1|Full Moon Party, Koh Phangan. #blacklight @ Haad Rin Beach http://t.co/vEqWCyZoog|373
1|@MattArias haha Appreciate it my good friend!! Friends to the end my boy! We party huge Thursday! ğŸ˜©â˜ï¸âœ¨|297
1|@Davante22 I'm having a party at the end of May|563
1|â€œ@IValeskaa: O gosh, party bus too crayğŸ˜‚ğŸ˜‚ http://t.co/GcstMoXmRMâ€ HELL YA VALESKAğŸ‘ğŸ‘ğŸ‘ğŸ‘ğŸ‘ğŸ‘ğŸ‘ğŸ‘ğŸ‘ğŸ˜‚ğŸ˜‚ğŸ˜‚ğŸ˜|757
1|@joybeezy eclipsee party at the beach?|419
1|Slumber party and frozen with the besties! Doesn't get much better than this! ğŸ‘Œâ¤ï¸|1161
1|I'm not really a party person. I'm more convservative lmao|528
1|Just realized I promised my cousin id throw him a party before he gets stationed in japanğŸ‡ºğŸ‡¸ğŸ»|399
1|My sisters at a party and I'm in bed. Letting that sink in|177
1|@McLeennn @kassamander is hosting a pickle party for us tonight @ 2. be there.|416
1|The rush is worth the price I pay, so i gotta question do I wanna have a slumber party in my basement|569
1|My school is trying to have a Labor Day/wet paint party I was like âœ‹ if they think    That me and my weave will be downğŸ‘ğŸ‘ğŸ‘ğŸ‘ŠğŸ‘ŠğŸ‘ŠğŸ‘Š|113
1|@C_Beemiller @Rcams7 you guys wanna have a dog party at my house @s_mattei3 @s_mattei3  bring jakers and @heyyyxdudee @hcan bring hers.|207
1|@evanmatthias92 party party party lets all get wasted|415
1|how cool would it be if me and @paytoncastillo_ combined our birthdays and had a huge party|287
1|@MattGoesBuck @SamanthaEdwina what if our job is to party?|456
1|@hdizzzzle love you too and can't wait to party it up ğŸ˜ğŸŒµâ˜€ï¸|612
1|We party like rock stars|969
1|Getting this party started at @timawino in Phoenix with negroni's on tap. @ The Gladly http://t.co/DPVaP6qJb3|3365
1|@Bryaan_34 TU at casa de Fox!! Trynna make it the biggest party of the year!|432
1|@pimpster_mark lol what you wanna do? Party in Kilgore Friday|635
1|"""30 followers on twitter party"" -@Food_Pope"|396
1|House party !!! Please|384
1|parking lot party brings back some good memories from last summer|302
1|a party of 30+ Australian rugby players came in to eat and ordered over $500 worth pf pizza. cant even be mad cus of their cute accent|127
1|â€œ@KateCat69: I'm gonna drink tonight because the beastie boys fought for my right to party. #noshameâ€ ğŸ˜‚ğŸ˜‚ I miss you!|280
1|@chumzz_oahn not gonna go anymore cuz my ma won't believe me I'm going 2 the movies looking ' party ready ' but fersure the next 1 Ima go !|171
1|â€œ@FactsAboutBoys: i would take this over a party any day ğŸ‘ğŸ™‹ğŸ’ http://t.co/IzmKncbY0vâ€ ğŸ˜«ğŸ˜|291
1|I'm not even a party animal I just wanna be able to go out, have a few drinks and enjoy good company like normal people.|284
1|This Saturday only, 6 hrs in a 20 pass party bus is 810+tip!!!! 8179950514 http://t.co/2yQQVjVam5|148
1|Happy birthday @abdulchiz09 !Hope you have an amazing day and wish you many many more. Dont party too hard;)|391
1|Luke Bryan you can crash my party anytime ;) lol @LukeBryanOnline|323
1|Judge me but I'm so pumped for grad party food ğŸ¢ğŸœğŸªğŸ®ğŸ¦ğŸ•ğŸ—ğŸğŸ¤ğŸ”|493
1|I can't wait for Prom &amp; this after party Saturday ğŸ‰|900
1|@Lil_Tasia_94 you &amp; Zennette coming to the party?|1632
1|RT this if you'd be down to party with me|555
1|Lmao apparently to cody i had a party in my room last night w/out himğŸ˜‚wtf?|150
1|Party at me and Andres house this Saturday!!! ğŸ˜ğŸ‰ğŸŠ|616
1|So, Jason is back to the road u.u now we can party hard lol|325
1|Here is one of the student's terrariums from last night's #terrariumclass. It's a party at #succulenceâ€¦ http://t.co/zDec1WZn8Z|254
1|The Pokemon center music sounds like the melody to a Spanish-language mariachi version of a children's party song|171
1|@ChristinaT_12 lol we'll there's a party this Friday if you want to come!|303
1|"""I get invited to Phi Phi party's on Facebook"" - @Lewis_DanielleE"|183
1|@kristin_lawless thanks! Hot tub party don't forget|368
1|Perot Museum is having a free watch party for the red moon tonight at midnight.|277
1|@Am4Paul party of regions overwhelmingly voted to form new govt on feb 27.. 94 for and 1 against|440
1|My nigga jmoney recording at Ahmed's party? Oh yeah !!! ğŸ˜ğŸ˜|224
1|"""@JustinRoiland: Rick and Morty season finale party at @danharmon house!! http://t.co/FY0oiLaDkt"" Hope everybodys getting wrecked"|447
1|@hunter_raine then you'll love it! We'll ulta tan then, pool party at leisure pool :)|122
1|@kodiemccay @blakebuckles I know ğŸ˜© I just, I just, I just wanna party... This weekend ğŸ’|1868
1|Party pics r da best pics|1205
1|Delicious to the maximum  I'm his favorite party favor|262
1|"""Walk in a room full of fat bitches...this my type of party"" - @kingknowlegde"|723
1|Party &amp; bullshit|81
1|i wanna go too a party!ğŸ˜ğŸ‘¯|372
1|pizza party w baybe tonightttt ğŸ˜ŠğŸ•|1054
1|If we had a pizza party would you come @josswhedon @mikelee405|144
1|@_TiannaG @cdpiglet69 has some funny stuff also if u like party videos :)|27
1|pArty all day pArty all night|1031
1|Niggas aint been tlkin in the kik partyğŸ˜’, it was soo live before|670
1|can't wait for this future boilermaker to get here so I can show him how we party @thekrukanata #boilerup #hammerdown ğŸ»ğŸš‚|410
1|"""#AxlRotten Birthday Week"" Is in full swing. All gifts accepted. It culminates on bday4/21. Be there #prowrestling #party #raw @wwe #ecw"|9941
1|Star party. I have smoke in my eyes.|81
1|I'm sorry I ruined your New Year's party, Lieutenant Dan.  She taste like cigarettes.|31
1|I would have a party at my house but last year bitches had to scream outside of my crib and wake the neighbors up...|651
1|"I sent a picture of my dress for Krystal's bday party to jake and all he says is ""no twerking"" ğŸ˜ TELL ME IM PRETTY"|149
1|@Am4Paul subsequently Party of Regions voted to expel Yanukovich from its ranks|440
1|@ceol13 you going to the watch party at the Perot museum?|119
1|NIGHT AT NEIMANDS: The next big party coming soon. No drinking, no smoking, just good laughs and literature!|438
1|Going to party's with my aunt &gt;&gt;&gt;|188
1|The energy is high and so is everybody else! RPDR Viewing party w @bendelacreme &amp; @srudinoff! #teamdelacreme|596
1|"""I get invited to Phi Psi party's on Facebook"" - @Lewis_DanielleE"|183
1|2008 egham social club,birthday party very much drunk http://t.co/C1qYuAMIPQ|22
1|#Brentsprocrastinationproblems it was just a big party http://t.co/lvbjy2WRQg|372
1|Mirantis Openstack After Redhat party in SF downtown! http://t.co/YM41axo9nA|12
1|Just ordered CDs! Will be available at the listening party in Starkville on 4/29 and also at the release show on 4/30. Digital available too|706
1|Droppin off my girl at a bar for a bday party. Why do i feel sick? #badidea|134
1|Party tun up when gyal ah wine up|1021
1|Party gets me wetter|1034
1|Ellipse party!!|74
1|@Cup_KAYkes ğŸ˜‚ğŸ˜‚ğŸ˜‚ please you and Rihanna need to take that slumber party elsewhere http://t.co/XXT6YddRSD|218
1|Home of the party and the trees|148
1|@DejaCaban I miss you can't wait to see you this weekend!!! flying just for your party lol jkğŸ˜œ|529
1|"""@eth416: Daughters slumber party. #teen http://t.co/wFnPXs2zDw""como me gustaria estar hai"|911
1|Goin have her a party right here in children's|24
1|"The doorâ€™s unlocked. Iâ€™ll leave on the lights
Baby you can crash my party anytime.... ğŸ˜Œ"|1185
1|Hope I don't get sick anymore I wanna go to that Pool Party Tommorow|272
1|Don't wear black to a paint party|551
1|Party at the planetarium tonight!!!|608
1|Sleep all day, party all night!|652
1|Currently at home having a solo dance party while I cry because I'm not at Coachella ğŸ˜¢|310
1|I wish Thad Castle was a real person so I could party with him.|386
1|@Denver_barbie @GiselleArely lol party is never over with your crazy ass|900
1|@1alexnunez1 I'm not Alex I am Coming over before I move or ima try to have a pool party or something idk|246
1|Hoping I'll finally be able to party with @amberataliaa in 11 days ğŸ˜‚|347
1|hiring DJ kindness for my roller rink I birthday party|717
1|Bullshit ranging everywhere and anywhere between sweet talking us for sex to being complete sketch asses and even to the pitty party|411
1|We doing the outside party's Soons we get another hot day .|1343
1|@Crapgame13 @smedlee @nicknickbush I'm at the party!!  Just come to the 101 South before the Vermont exit and lay down in the middle lane.|518
1|I think @JordanYorkMusic should come to the Mad decent block party in Philly August 8th. #please|332
1|"We blowing smoke in the air, we drinking ice cold beer with cha girl in my ear saying
""I just wanna party."" ğŸ‘ğŸ˜ğŸ˜"|34
1|Chief of Party,  USAID/ Colombia Public Policy Program Opportunity, Bogota, Colombia @UNjobs #jobs http://t.co/GEdY1RbJIE|627
1|Flipagram sucks dick! After u post a video it disappears from ur fuckin profile. It's a fufu 3rd party app lol|329
1|Google image results are like a party that starts off exactly how you expected and gets weirder the longer you stay...|432
1|Anyone who says that me and my boys got beat up at the party needs to get their facts straight. Because y'all jumped me and still lost lol|340
1|@Bwalshhhhh party in the USA|629
1|"@sachinraj2706 @NDTVravish
And what about other party neta Mr.  Ravish"|11
1|Bob! You invited transvestite prostitutes to our daughter's party?|441
1|Late post to yesterday... At Chy Chys birthday party ğŸ˜ŠğŸ˜ http://t.co/PF3oMzcS6z|684
1|#fullmoonparty #fullmoon #party #Thailand #Asia #travelling #backpacking #fire #flames @ Koh Phangan,â€¦ http://t.co/lXkvkUSEhX|50
1|@andreaaa_017 @Toulyboy20 @AndrewBenkert Cool, yeah, me too! Someone should throw us a welcome back party! What do ya think Touly? Haha jk|151
1|Want to find out what Greens in Europe stand for? The European Green Party manifesto says it all #votegreen2014 http://t.co/ADNvjfyBey|13
1|The party scene has got the best of me and you|201
1|"@5Forty3: Sonia onTV appealing in
RomanHindi ..save her India from ""divisive forces""..really nadir of Congress party..""

This Tweet of day!"|405
1|â€œ@FactsAboutBoys: i would take this over a party any day ğŸ‘ğŸ™‹ğŸ’ http://t.co/yiZqTFEWuCâ€ is she coming out of his stomach or what is happening|395
1|you invited transvestite prostitutes to our daughters birthday party?|534
1|@nichollalex you can't hide the smell of weed unless it's shitty so hush little one. ğŸ˜Œ want me to bring the party hats and piÃ±ata too?ğŸ˜‰ğŸ˜‚ğŸ˜‚|821
1|One of my bestest friends from home is asking his GF to marry him. Best part I'm planning the bachelor party...in Las Vegas. #FuckYeah|443
1|The party scene has got the best of me|201
1|Roja contest chesina party inthavaraku eppudanna gelichindha???? #politicalSentiments|1827
1|YeiiiğŸ˜˜ #love#friends#party#saturday#night#awesome#boys#colombian @ La Vie Lounge Aruba http://t.co/iEACjlTtw4|68
1|"""Shoulda seen her in Lesotho! @Obriezy: An invite would be nice to your party madam remember I missed the lastym hehe @MsCosmoDJ"""|849
1|@2_FingersNation pool party Friday Bruh a Kevin house trying to have it jumping|513
1|"""@DJTweeta268: What if a great ball of fire comes out of the moon &amp; kills us all ?"" Fire party !"|688
1|So while at the @thegoodstuph #party, me and @jimmytaenaka smelled something funky &amp; we kinda guessedâ€¦ http://t.co/LLbkCceSNP|479
1|Why is no one having a lunar eclipse party|629
1|Take you to ever party cause I remembered how much you love to danceğŸ¶ğŸ¶|387
1|@KevinFerreiraTG I miss your Avi with the yellow party hat|314
1|ğŸ‘…ğŸŒ€ saw you at Elias party haha ğŸ˜‹|278
1|@Damien_D1Harris YESSAAA. We gon have a cookout/pool party this summer you gotta come thru. I'll get you together fam|1443
1|Not going to prom but ill be there for the after partyğŸ˜|660
1|So you want to go to a real party?ğŸ˜|148
1|@RySource Government has no standing in civil matters.If they are party toThe civil matter and resort to force that is a threat to all of us|407
1|I'm sorry for ruining your party, Lieutenant Dan. She tasted of cigarettes.|586
1|I wanna party w a lot of my followersğŸ˜ˆğŸ‘€ğŸ™ˆ|412
1|@lj_Christensen @lynseywiechmann @melliejanellie  We gotta party soon(:|125
1|"When some of y'all get past that stupid ass ""turn up and party"" phases, y'all will make some good wives."|6845
1|@JunaidyStrillex Our private party! xD|741
1|Haha i had so much fun at @Georgie2Chains party last weekend.|208
1|Cause we like to party Ayyyee Ayyyee Ayyyee Ayyyee|1077
1|"â€œ@ChildishKesean: ""@BrandonFarias_: I wanna party w a lot of my followersğŸ˜ˆğŸ‘€ğŸ™ˆ""ill bring drinks.â€ Myyy niggaaağŸ‘Œ"|412
1|Remember when the most innocent girl in the history of pekin through a party on New Years.. Lol ğŸ˜‚|613
1|I didn't go to the party this weekend but I'm definitely gonna go tomorrow night!ğŸ‘ŒğŸ‘ŒğŸ‘Œ|144
1|Theme Party idea- dress up as your favorite emoji|401
1|â€œ@BrandonFarias_: I wanna party w a lot of my followersğŸ˜ˆğŸ‘€ğŸ™ˆâ€ same ğŸ‘Œ|236
1|Abby is taking me to date party to meet my love.|429
1|Clearly she is not ready to give up the party/club lifestyle. #LindsayonOWN|24
1|â€œ@KassyWolfkill: Baby you can crash my party anytime ğŸ˜â€ @EdgarLeguisano|244
1|"â€œ@TheActualKeyair: Me when somebody ask ""So what all happened last night?"" after a live ass party........ http://t.co/1rHkhdlC6Uâ€"|790
1|"@anonmidwestprep *at a party* ""FUCK NO WHO THE FUCK PUT ON SCARY MONSTERS AND NICE SPRITES?!?!?!"""|412
1|@b_sparkle nah it wasn't lol it was like the best party shit etc|1545
1|@KiloSosa_ throw a party . Watch a movie . Have a cookout . Theirs endless possibilities|769
1|I gotta throw a coachella themed party|594
1|@LissethRecinoss house party!!!!|256
1|â€œ@PatrickRuble: ğŸ‘¬ sweet tea got game on the low low and that one house party was pretty fun ğŸ˜‚â€always is with m boy Pat lmfao|475
1|Party with me @coco1870|205
1|@JHallett52 @_AKurtz lol squat...I am pretty sure I was never at that party|369
1|Jet lag is a real thing &amp; it suuuuucks. Currently 5:30 AM in Ireland and I've been ready to party for about 3 hours now ğŸ’ƒ|115
1|It would really suck to lose a friend named Molly at a party lol|564
1|Nelly, Firgie - party people ğŸµğŸ¶ğŸ‡ºğŸ‡¸|659
1|@lindsayrae0x let's have a slumber party|257
1|"#CLASSIC ...#90'S hip hop party 
Sat APRIL 19th 

#Tix is On #SALE for ... 

â­â­Smith N Wesson â­â­ LIVEâ€¦ http://t.co/ZzHsOdkXV7"|352
1|I need party girls in my party world ğŸŒ, they be touching me every where, I don't say shit, they be getting naked ğŸ˜›ğŸ˜|263
1|@MrJakeWelch right you are! We'll be on that party planning asap.|929
1|@heyzell_ ain't no party like a no panty party cause a no panty party don't stop|305
1|Favorite part of Titanic is the party downstairs #love|148
1|Party tonight|36
1|Now I'm just waiting for the rest of the party to arrive... #big21 #big21bash #letsdothis @ Buffaloâ€¦ http://t.co/vN4YjUTCGO|56
1|Party is much needed|257
1|eclipse party in the grass #SoCollege|844
1|Somebody needs to have a huge ass party again. Shit was dope!|287
1|@Kaitlyn_Seymour hahah rule 7 for my party|318
1|Somebody must hold a hotel or house party soon... #justsaying|284
1|Ain't no party like a north side party, cuz a north side don't stop right @Chilaquil247 @mamaojimenez|225
1|If I could party with them, daamnnn!ğŸ‘ğŸ‘ŒğŸ’‹ http://t.co/OcQdCx3MGc|491
1|"I'm gonna be like ""it's my party we can do what I want"" during the eclipse. Lol #MileyCyrus"|215
1|No1 party anthem....|125
1|@taylorswift13 dropped in on someone bridal shower... I hope she drops in on my bachelor party if you know what I mean... Lol|496
1|Dylan's party needed more Asian chicks|311
1|@ElanorDembek let's throw a party ell, ours would be the shit|319
1|â€œ@heylookitsjenn: The house party tour was one of the best memories of my life.â€that's the one I went to right ?|331
1|@dansabo absolutely. Bottles ninja. Bottles. Let's go to vesnas parents and have a roof top party!|219
1|Oakland homies!! Come to the @NiteLiteOakland and party w/ me. @MONDODRAG is on last.|124
1|sailor, goggle:6584lb and join young chyna hill DJ LB also my Group DJ LB Party Pack U.S.A. http://t.co/ThQF63vOkb|330
1|My daddy mama &amp;auntie suppose To help Me with Demi party|199
1|#LosAngeles#LA#Downtown#Love#Cute#Spam#Recent#California#Nice#like#Yolo#Amazing#party#MTV#MTVMovieAwardâ€¦ http://t.co/010oBIahYp|56
1|7- you my nigga we finna party this weekend ?|994
1|THE NEW HOTTEST #1 BRUNCH/DAY PARTY IN THE #DMV IS AT [CITIES 919 19TH STREET NW DC] 1-4:30 IS BRUNCH,â€¦ http://t.co/OuZbm7PiLE|643
1|Cause we like to party, hey hey hey ğŸ˜ğŸ”Š|596
1|Throwback. Jurre's Bday party #blueyellow ğŸ’›ğŸ’™ http://t.co/ArPkAexhse|344
1|@BenHowe @joshtpm @EricKleefeld Main reason Ike made speech abt war indust complex. He saw party was becoming warmonger. Many began fleeing|1970
1|For all seniors feel free to invite me to y'alls after party for promğŸ˜|268
1|"Conversation between friends. ""I wasn't that Drunk"" ""Dude, you told me to give you a ride home... when the party was at your house."""|192
1|Adam Admit Party is a dark horse in this election. Watch out for wave that is built. May sweep clean|98
1|@jordansulli01 I rdon't. My job is overwhelming and Abrana be sleeping over and shit ha. My parents anniversary party. What you on Friday?|546
1|"ğŸ‘ˆ I'm gettin there â€œ@BJayBlast: When some of y'all get past that stupid ass ""turn up and party"" phases, y'all will make some good wives.â€"|1671
1|@tennell_owns oh you and your pity party again... Don't discount ur self|2158
1|And fuck it I'm making a party pizza eating it all with hot sauce and sleeping until I wake up at 2 pm tomorrow so FWM|2333
1|@VeryBradley slumber party soon please|374
1|Weeknd - the party &amp; after party&gt;&gt;&gt;&gt;&gt;&gt;|2143
1|BLACK &amp;&amp; WHITE PARTY WIT MY SISSY monicuhhdee ğŸ”³ğŸ”²â—¼ï¸â—»ï¸â—¾ï¸â—½ï¸â–ªï¸â–«ï¸ @ SAN BER-DIRTY HOODSIDE http://t.co/MBI5hsqGOU|104
1|ğŸ˜ğŸ˜¤- we have to go pick up some chicas my friend!ğŸ˜˜ jaja and party ğŸ»|359
1|Miss those party days when i'm at poly. Every saturday for 3 years ğŸ˜‚ğŸ˜‚ğŸ˜‚|204
1|GUYS LETS HAVE A PARTY WITH JUNIORS AND SENIORS TU TU TU LOLOLOL|550
1|Aye wheres my party fam at?ğŸ˜ˆ|411
1|#selfie #night #ss14  #happy #fun  #cancun  #Dady'O #friends #crazy #party #onemoretime @ Dady'O http://t.co/KTT2FVclI3|475
1|Tbh I want to be home schooled, but then id miss my friends. But they could come to my house and party on a school night. And it's okay!|332
1|@jonswill @JenWhiteNBlue @Chris_Sneider lol why not make a party out of it!|1344
1|Your party looking bent RT @_2fab2care: My body is your party ğŸ˜»ğŸ’• http://t.co/zleOKP4LWv|2484
1|@LaiKokWei Now you same path as me liao, study boy. Want party not? Haha.|204
1|Don't remember when's the last time I went to a real or live party .. ğŸ˜³ğŸ˜|454
1|eclipse viewing party at reseda point be there or be square ğŸŒ‘ğŸŒ’ğŸŒ“ğŸŒ”ğŸŒğŸŒ–ğŸŒ—ğŸŒ˜|419
1|Party chats where the shitğŸ˜|100
1|"ğŸ‘’ Warm weather PSA: keep in mind what some guy at a party once told me, ""Don't ever wear high waisted shorts, they look like diapers."""|51
1|WHO THE FUCK IS THROWING A PARTY ON A MONDAY NIGHT CAUSING THE WHOLE APARTMENT COMPLEX TO SHAKE??!! STOP THAT!!!!! ğŸ˜¡ğŸ˜¡ğŸ‘¿ğŸ‘¿|451
1|I wanna throw an old school pajama house party ..|1631
1|Lila's debut party â¤ï¸ @IxotA @kristinehonda http://t.co/PrlpV0Y2PT|344
1|@MsNewBuday um yes! Let's do it! I may be at a party Friday night, but Saturday I can hang out for sure. :)|386
1|"""Show the decorations that Miranda and Sue are putting up for the party"" @ Leea and Jason's place ofâ€¦ http://t.co/JwQNMNMJiQ"|170
1|@Classic_Cannon the listening party was well put together! Nice meeting you. Be well!|1196
1|Thank you to the people downstairs who decided to throw a party when I wanted to sleep.|1340
1|â€œ@kelsy_rene: @Ryantelin AND @Brittmakar39 at my grad party?? Couldn't get much better than thatğŸ‘Œâ€ ahhhh yea!!ğŸ‘|137
1|@FitVeganDiaries I'm along to join the party!! Best news of the day. Good luck with the training!|55
1|I'm having a pitty party for myself.|1587
1|ok honestly im moving and my house will be empty im thinking a house party tbh|550
1|@europeanextreme late to the party|219
1|@ErikaHoudeP and for your party goers|535
1|Hell Yes! My Last Rt Tho &gt;&gt;&gt; I Fucks With Party|239
1|@bear_oh_noe I'm gunna get fucked up there cuz I have to drive after the party bus soo ill party I the room!! Feel me?|215
1|After this crazy hectic week even the party will be too much to handle|72
1|What party is this? (@ New Bombay) http://t.co/2JFnKLDvBP|307
1|Ariana Grande Loves the Gays, Will Perform at Palm Springs' Annual White Party http://t.co/LmPR88zBWX|898
1|@D_Daggnabbitt party time?|208
1|I was scared to say hi to nick at the party cause he hates short people|1000
1|Party on a Monday? Good way to start the week.|72
1|Boys and girls wanna hear a true story? Saturday night I was at this real wild party, there was liquor overflowing the cup #bastille|59
1|@steph_wash19 throw a party! What're ya thinkinnn|149
1|Esha had a naked party &amp; had them hoes in there naked fr lmaoo|2248
1|@DrAMSinghvi the cat is out of the bag now. There is nothing #Congress party can do now.|532
1|I'm always looking for the next party so I can try to convince myself that It will be the best party of my life. It never is.|94
1|Went from freestyle gangsta rap to singing party in the USA. #guessemystats|252
1|Party at my house this weekend|86
1|YAAASS Wattpad works now!!!!îŒ’ PARTYîŒ|80
1|when I get to a party after work and see girls i don't know trying to get all up on Eric http://t.co/Na2GOk4xc8|67
1|Let's get the party started (@ Christine) http://t.co/Q0wqYrUUOJ|154
1|@sehunelite were the best pARTY|293
1|@miranduhh0005 needs to have a party in narnia soon|220
1|Officially attending every glow party this place has from now on. Sew much fun! http://t.co/t8INIjGcFq|4272
1|"This girl at the party, ""my middle school teacher is liking inappropriate pictures of my turn up"""|91
1|@malllorydowd I make that shit all the time. I'm having a party in June so I'll buy lots of Taylor Ham|689
1|@chanodiaz96 includes tix to the party of course lol|211
1|â€œ@ySoSeRiOus20: @Court_Taylor25 were u at the q party the other night?â€yup!|2289
1|35â€¢ what's good fam haven't seen you in a coo minute but you're tight come thru to a party some time|287
1|Yeah, my name is PARTY and the trigger finger function ğŸ‘‰ğŸ”«|315
1|@Thenewkid69420 I don't even know yet... But ik I'm throwing a fat party over the summer.ğŸ‘Œ|300
1|"------&gt; RT @BJayBlast: When some of y'all get past that stupid ass ""turn up and party"" phases, y'all will make some good wives."|3103
1|@RachelVogtt let's plan a trip to your hometown! A party in a new town is exactly what I'm feeling haha|214
1|#11 dang we havent spoke inna while lol i saw you at the party saturday lol i was gonna say hi but there was so much drama lol|1043
1|@JoJoMostHated sho she said Friday at first but I said we can't bc we going to that party Friday|646
1|Having a blast at the after party #attsummit @ Montage Laguna Beach http://t.co/3x2nA8nkBB|178
1|@Monique_Laurent @Blattttz by the time we get enough change we can buy one for my house warming party ğŸ’ hehe|422
1|"Every time I walk into a date party Chris Brown ""Loyal"" plays in my head... #College #TheseGirlsAintLoyal"|1171
1|Jus realized my mom had a dinner party and didn't save me no fuckin dinner|481
1|â€œ@WorldStarFunny: Roll up to the party like... https://t.co/ZsQjqifd4W|241
1|Was just invited to a franklin parish high school graduation party.. Too bad I graduated two years ago and I never went there.|893
1|@acoyne sounds like the same old Liberal Party some of them still know and love.  #3party|502
1|This beach house party tho &gt;&gt;&gt; lawddd.|397
1|@AmandaaEllisor what the fuck. Party pooper|192
1|@alinaa_mariaa Friday tho your bday party dude! Can't wait sucka! ğŸ™ŒğŸ’ƒğŸŠğŸ‰2âƒ£2âƒ£|62
1|@RyanGarvey11 congrats lets throw a party I'm invited|399
1|Randomly walked into a street party, and it was awesome #livemusicâ€¦ http://t.co/H0wWUeFKsR|158
1|Party on the green from 1-4 for the lunar eclipse #moonorswoon|283
1|Can't wait to be home for the summer and be with @heyheyitsali  at @BiiigDaddyAye 's grad party ğŸ‰ğŸ‰ğŸˆğŸˆ|299
1|Aam Aadmi Party leader Arvind Kejriwal arrives in Varanasi for a month-long campaign with volunteers #AAP4Parivartan http://t.co/osnnNc8H3i|1380
1|Dance party for one! ğŸ§Stop It - @NKOTB|879
1|@__ismaelg07 clean invite to the party and tacos..|386
1|Im finna start goin to party's out if state|478
1|@ItsMissKim pool party's this summer @MerrryChriSmith|946
1|enough of the pity party. no one feels sorry for you.|405
1|I want to party with adam rose|1028
1|OH another convo reminded me of an old joke. How can you know which guy at the party went to Notre Dame? Don't worry, he'll tell you.|1256
1|Don't forget yall party at @raymondmexicano Friday and Saturday at 9:42 sharp|377
1|No V!!!!!!! I'm not ready for alllll that yet. Lol I gotta live and party and go to the beach btw I was gonna go to topsail the weekend .|447
1|"I'm putting in hella work on this music playlist for the party already got over 50 songs nigga! TURN UH!! 
ğŸ§ğŸ§ğŸ§ğŸ§ğŸ§ğŸ’¯ğŸ’¯ğŸ’¯"|5460
1|Just a boy from a small town with no talent or motivation. Likes to travel, party and make reckless decisions.|588
1|Lol you, me, and Cameron when we all went to that party with matching clothes hahah @maattteeeoooo http://t.co/si2dUqoHs7|175
1|@OGbussell dude you should play this at your next party|264
1|@AnaAnaAnaaaaaaa @iamashmarie oh hush party pooper...I'm never hanging with you againğŸ˜´|918
1|ğŸŒšğŸ’„ coolest Asian girl I've Ever met. You are more like a Mexican girl and are ratchet AF for that party spit story you told me ğŸ˜‚|330
1|Love, money, party|1167
1|Somebody throw a party/gtg on Friday|454
1|Tyga trash now but his old songs were party hits.|4135
1|RAND PAUL: If we want to grow the movement [i.e . the Republican Party] we cannot be the party of fat cats, rich people and Wall Street!!!|458
1|@deannaponce oh lol. Go party pooper!|691
1|while your throwing a pity party I'm over here dancing bc life's gr8 â˜€ï¸|622
1|Catch Cook Milano at your Mom's next birthday party http://t.co/lmrZJnZCA2|158
1|â€œ@JustinConner6: Ready to party all spring break like... http://t.co/raBIaOQhH2â€ğŸ˜‚ğŸ‘Œ|356
1|This Saturday #420 party music by @JamesyFBaby  and @MixaL8R  tree house party part two! #burnitdowngroup http://t.co/ofk0RVpcCw|539
1|bachelorette Anas surprise party ğŸ‘­ğŸ·ğŸ‰ğŸ’ğŸ‘° @ El Cid Resort Hotel, Cozumel Mexico http://t.co/EkXF1AFcx3|611
1|Bday is in a month,not sure whats going down,either pool party at my place or what ever Sami plans cause she wants to throw something for me|154
1|Mmm yas pasta party courtesy of my cooking at Kyle's house @TheeKyleTillack http://t.co/VY5kPvrnkD|296
1|@Gagemasterkush we can have a pasta party|1013
1|The upstairs neighbours are having quite the party #partyon #soundslikeatime #Ifeelold #BedTime|119
1|7-year-old girl shot dead by boy, 5, at birthday party: police: Authorities say a 7-year-old girl was killed at a... http://t.co/6L0Og4sziJ|5375
1|So im high right... and I open up a plate my aunt made for me from they party yesterday.. and smooth almost bit into a piece of fish|229
1|I only know about one party on April 25TH and that's|775
1|Trying to get me to stay up to watch house party ....|198
1|#party #lightroom @ VelociRayford Island http://t.co/vN6yEJ1Hme|764
1|Just added my #inlinkz link: http:// http://t.co/IvShofTYXR here: http://t.co/cc8QQ2hikb via @inlinkz|672
1|I personally find it hilarious how girls try to be wild and go out and party right after they brake up just to get they're ex jealous|441
1|@mareenarenae80 @steph_wash19 if I can throw a party in my apartment I can throw a pretty good one in a new house ahaha|149
1|LIVE Wine &amp; Dinner party in Nakameguro is just a week away! Delicious and rare Macedonian wines plusâ€¦ http://t.co/VVByq117uw|636
1|ğŸ°ğŸ’âœŠ you need to have a party ayyyyee haha. Jk only if ya want , but you are a cool ass person|330
1|Since I don't have to work sunday, party SaturdayğŸ˜?|363
1|@hinaparvezbutt While your party leader MNS has halted death sentence in Pak, do you still think such punishment for rapists is possible?|17
1|A little anita will definitely set this party off right|10704
1|Monday nights at FDR! #FDR #Delano #thecrew #monday #party @ FDR at Delano http://t.co/xJNfibRQsz|649
1|Ready to have some bad bitches and throw a party in there lol|435
1|@MarthaMiller93 you ain't bout that party life...|843
1|â€œ@eberlank: Im glad im going to prom again who gonna party with me? ğŸ»â€ be careful dawg.|887
1|#girls #party #harrystyles @crystalreneeg @LFletch_|724
1|Sisters hotel party should get my head off of all of thisssss...im exicted.|3538
1|@ardrigh @DomPost  But did he run the red. It is generally a calculation of Change times based on the other party say he had green.|128
1|Cute glittery animals. A composite of the nature videos you watched and party shops you visited as a small child. You cry poignantly.|189
1|I'm having a party only hooka head invited|304
1|I wanna fucking party bro|160
1|@LaiKokWei Sure not? Haha when you want to party?|204
1|Ha Sike nigga don't get excited I'm not having a party|304
1|"""@vintagediosa: I love Party Next Door son ğŸ™ŒğŸ™Œ"""|1149
1|"""@YuhMadBro_: ""@CallMe_Tweetie: What in the hell ğŸ˜’ğŸ˜‚ğŸ˜‚ğŸ˜‚ https://t.co/j3pbwydWVr"" @DruggyWitdaHoez at a party :)"" White people need to chil"|121
1|Gayest party name ever ğŸ˜‚|164
1|All rich people do is party and do drugs.|791
1|Would rather watch a documentary on the dinner party than write this pr essay. #turnup|119
1|party next door î î |1149
1|@anguiano_liz soon soon! I'll probably have a bonfire or something your always invited! Oh and my birthday is May 17th I'm having a party!|253
1|â€œ@Emirates247: Life begins at 50: #Mustang celebrates with huge parade party in UAE http://t.co/i32SmfbF3Bâ€. - Aha! Must-attend! Must-ang!|46
1|is anyone going to wet n wild on Saturday ?? I was gonna go Sunday but Easter party I have to attend ğŸ‘º|269
1|@wallaxkoala shit happens when you party naked|161
1|I thought I told ya, I came to party|711
1|So party pills are like e but natural?|413
1|Heres stripper number 2. Her name is Party Foul. She will be on the pole all night. #PomonaDiveBars #DevilsPlayGround http://t.co/ouiBAPYL68|181
1|Happy birthday for you @TigauTF ;;) TF party lgi ;;) haha =D|495
1|ğŸ”†ğŸ‚ you're cool, we hung out at that party one time, and I believe I had PE with you right ? Haha|329
1|"â€œ@BunBTrillOG: We in here ! RT @AnwanBigGGlover: THE AFTER PARTY 
       LIVE WIT BYB AND @bunbtrillog http://t.co/GnlTCJmvUwâ€ Have Fun!!ğŸ’¯â¤ï¸"|853
1|Would rather watch a documentary on the Donner party than write this essay for PR. #turnup|119
1|Happy birthday Hanuman ji... Please bless all of us with the power to elect the right Party at the centre, leading stable government.@I_VBI|255
1|@bibblers @chuy0793 best believe we will party all week and definitely a cookout its gonna be pretty!|140
1|I'm not kidding there is a moon party at the top of the stadium! Come!!!! http://t.co/LZMDZ6e4zK|527
1|red moon party on the beach in Newport ğŸ”´ğŸŒ|104
1|Fight Party, no one talks about it. http://t.co/Ovj0slaq1X|697
1|Dude I'm at a party that's 10-1 Thai girls|156
1|@ItsAmaris_ we gotta link in da summa frfr . Come to one of our pool party's ğŸŒŠâ˜€ï¸ğŸ’¯|2224
1|Blood moon party on my rooftop in an hour and you're all invited.  #BringYourOwnBlood  #AztecTypeofStuff #ButNotReally|157
1|â€œ@_TeniaBitchie_: My daughter and my sister tearing up my placeâ€ lol slumber party ?|652
1|Luke Bryan - Crash My Party: http://t.co/Mx5ZFwKWNt|53
1|I better get lap dances in my party bus|522
1|â€œ@Swagmeister_Che: Girls that drink and party every night and affiliate themselves with bum ass nyghas are fuckin disgusting broâ€ THANK YOUğŸ™|246
1|Congress has been hi jacked by the Gandhis &amp; is now no longer the party wrking for Indians. Indira was still Indian but Sonia is an ITALIAN.|15
1|ğŸ”¥ğŸ˜ - what happend to the party you were suppost to invite me and edgar! lmao! we all need to hang out ASAP!|652
1|Kiddie party hihi #sweet16 #throwback @ McDonald's http://t.co/BkuQB7MvW4|563
1|@AyeItsShon of course there's party going on this week|108
1|Go out Thursday, S.A Friday, senior party Saturday, &amp; Easter on Sunday. Yes please be Thursday already ğŸ‘‹â˜ºï¸|96
1|Do you want to build a snowman? Guess which theme my daughter picked for her 6th bday party?? #frozen #adelenazim|442
1|The End of the Virtual Search Party? â€“ Expert Advice http://t.co/Fn9oDPOYzM|16639
1|Homework party in 824 come one come all|341
1|@FrancheskaAl yaaaass. We need to Chill and party if I go with the squad. Lol|419
1|@carrasco_vale where's the picture we took Saturday at the partyğŸ˜”|258
1|"Bro nighas are very disrespectful. Saturday at the party ths nigga gone tap his Patna &amp; point to my ass &amp; say ""all that ass"""|624
1|@emilyalvaa lmfao hell no! I didn't realize it was next week! I guess I'll just ride the party bus and chill in there ğŸ˜‚|235
1|â€œ@FactsAboutBoys: i would take this over a party any day ğŸ‘ğŸ™‹ğŸ’ http://t.co/LdSh45g79Aâ€ I'd take Eric's round 2 over this @EricJackson_|250
1|The only thing I really look forward to going to this year is the Mad Decent Boat Party... Everything else will be aight.|443
1|My welcome home party was wonderful:: Boom Boom Bang Bang. #143MAM|124
1|ğŸ¥ğŸ£I met you once at a party and we used to talk but we don't anymore and we should|340
1|Back when Reggie had that long hair at his party one time he was sweating and he flipped his hair and got hella sweat on me I was soo mad|578
1|Singing dreams into machines above Hollywood #recording #glam #glitter #edm #party #alien withâ€¦ http://t.co/tb0LTPfmxY|673
1|Friday night come out and party with us and The Lost Boys|0
1|Party mascot or nah? Let's fill the bitch with x ğŸ˜ http://t.co/fATAB5dfA3|411
1|I watch we the party just to see @YG ğŸ˜˜ğŸ˜˜ğŸ˜ğŸ˜|1315
1|"""@JoeyIsAttractiv: @tonywardd @viviannlyndseyy its good hygiene this is a good thing we should celebrate this"" let's party"|166
1|â€œ@__MagicCITY: 5 Days Till The Allin Party #PullUpâ€bğŸš—ğŸš™ğŸƒğŸš²ğŸš•ğŸš‚ğŸšğŸš¤ğŸš˜ğŸššğŸš›ğŸš–ğŸšğŸšŒğŸš|1035
1|â€œ@SquirtTheFlirt: Throwing a party for my birthday.â€ When your bday?ğŸ‰|6699
1|Party at Ethan kammers house this Friday!! Everyone is invited!!|460
1|It's cool watching the left slowly splinter off into it's own Tea-Party-like fascist radicalism using sexual wedge issues wait no it's scary|4167
1|I'm at Mad Tea Party - @disneyland (Anaheim, CA) http://t.co/hgJqqKeSJy|1263
1|Who harmed,jailed,killed the Muslims most in the last one decade ? Madame Sonia Gandhi's Congress Party only.#TVattack #AbKiBaarModiSarkaar|2900
1|Grad party/18th birthday party June 21st #turnup|351
1|Gotta party this weekend, anyone down?|142
1|On Saturday, I was at a block party at the basketball court on my block. It was beautiful. Cops now searching it for shell casings.|1832
1|All I do is make jokes, laugh at things, get drunk, party, and ride bikes|357
1|@brycedabaker @Tru_Society my man check out http://t.co/72sBoC30MM to get more info about Tru Def. There's an album release party soon.|643
1|my mom said she gonna get bri a rug for her trunk party cause she always on the floorğŸ˜‚ğŸ˜‚ğŸ˜‚ğŸ˜‚ğŸ˜‚ğŸ˜‚ğŸ˜‚|1605
1|Your body's my party, lets get it started.|847
1|@breeashhh its been that long?? Lol nd didn't we see each other at a party?|90
1|"""@SpeakComedy: pool party at my house, bring ur own pool"""|357
1|We love party!! #ladies1st #vaccalounge #salsanight #mondayfunday fab_2t jaha0501 @ VACCA Grill &amp; Lounge http://t.co/ECfSRqtXoK|55
1|A little party never killed nobody|477
1|PARTY AT THE GOATHOUSE @AlexGiles22 @iamromanski ğŸ”¶ğŸ”¸ğŸ”¹ğŸ”·|266
1|If I threw a party I promise you it want be a sausage fest I'm not with that|648
1|@CXMXR__ moms spoiling her alot she has a white dress for church , a light tuqouise for the party and a princess Sofia dress for the cakeğŸ˜¬|389
1|I mean if you would have stayed home from going to a party last night I wouldn't have slept over .|56
1|We throwin a project  x party this summer|476
1|Franklin turns 3! #party ğŸ‰ @ Sprinkles Cupcakes Palo Alto http://t.co/Yn0Al589f0|343
1|We need an African party ASAP|736
1|The way I'm feeling I might just pull up at Maui Saturday after the block party fr|1292
1|@akatc92 @croge4044 I say we have our little party in Chicago ğŸ˜ğŸ‰ğŸ»|138
1|I came to party what you come to do?!|59
1|My friends call me Molly, I just wanna party|807
1|S/O to the people underneath me for having the loudest party at 1am. #shutup #tryingtosleep #NoBigDeal @TheProvinceECU|36
1|@Momosauress since your party started it was packed lol , but the more people at a party the better ğŸ‘ŒğŸ’ƒ|932
1|everybody is going to the party have a real good time! dancing in the desert blowing up the sunshine!|186
1|New goal: Become famous enough to make it into the next Michael Jackson early listening party. #superjealous|520
1|"Wonder why @ArvindKejriwal ,whose party is projected to win only 1Seat Pan India is getting maximum media coverage? @sanat397 
#AskKejriwal"|1747
1|@laurenparish2 @TwoPumpChump38 lmfao party with their balls.ğŸ˜‚ğŸ˜‚|282
1|Yeah,I want it bad, I want a bad girl, baby,bad. I want a love that's crazy, yeah. I wanna fight, I wanna rock and roll and party all night.|97
1|@TonesNCharge I need party girls in my party worlddddddd|224
1|@Nikeexoxo party all night long|571
1|"Yes,ANC""@MissN_Zuma: Is there a party that you think is worthy of your vote??"""|1523
1|I have no desire to party or go to raves idk y|505
1|Party Fouls ass is hanging out of her daisey dukes. #DirtyStrippers in a #DirtyDive #PomonaIsGodsShitHole|181
1|@kimduar I wanna go to party and drink lol !|465
1|Had the most amazing dream ever, was invited to @Cristiano 's birthday party at his crib and it was amazing! All the stars were there! HahağŸ™ˆ|775
1|Same political party have been in power for decade now yet nothing to show for it,same group,same Evil,more shame.|393
1|ğŸ¯ğŸ¨ğŸ» ayee You cool asl, cute and you funny, your last party was decent , I'm at the one on Friday and im spending the night..  B ready 4me|325
1|"If I started a club, and our slogan was, ""Sled Party USA"" would you join?"|103
1|Here For The Party- Gretchen Wilson that is my song now and was when I was little|313
1|Mhmmmm this party we about to throw ğŸ˜|533
1|New year started with party life !! #party #neptives #gopro #work #byanjan #lakeside @ Byanjan Pokhara http://t.co/RdacZQJR9z|62
1|Party ended and I was odeeeeee gettin it pop like shong lol ğŸ˜ŒğŸ˜|1074
1|@orozco_valentin yay im so excited we can party again ha|171
1|Party boy.ğŸ˜‚ğŸ˜‚ğŸ˜‚|1113
